"","Rk","Date","Tm","Opp","Result","Player","Dist","Good.","Blk.","Y","B","year","month","season"
"2","1","2019-12-29","ARI","LAR","L 24-31","Zane Gonzalez","31","Y","N",1,0,2019,12,2019
"3","2","2019-12-22","ARI","SEA","W 27-13","Zane Gonzalez","46","Y","N",1,0,2019,12,2019
"4","3","2019-12-22","ARI","SEA","W 27-13","Zane Gonzalez","22","Y","N",1,0,2019,12,2019
"5","4","2019-12-22","ARI","SEA","W 27-13","Zane Gonzalez","45","N","Y",0,1,2019,12,2019
"6","5","2019-12-15","ARI","CLE","W 38-24","Zane Gonzalez","21","Y","N",1,0,2019,12,2019
"7","6","2019-12-08","ARI","PIT","L 17-23","Zane Gonzalez","30","Y","N",1,0,2019,12,2019
"8","7","2019-11-17","ARI","SFO","L 26-36","Zane Gonzalez","43","Y","N",1,0,2019,11,2019
"9","8","2019-11-17","ARI","SFO","L 26-36","Zane Gonzalez","26","Y","N",1,0,2019,11,2019
"10","9","2019-11-10","ARI","TAM","L 27-30","Zane Gonzalez","54","Y","N",1,0,2019,11,2019
"11","10","2019-11-10","ARI","TAM","L 27-30","Zane Gonzalez","37","Y","N",1,0,2019,11,2019
"12","11","2019-10-31","ARI","SFO","L 25-28","Zane Gonzalez","36","Y","N",1,0,2019,10,2019
"13","12","2019-10-27","ARI","NOR","L 9-31","Zane Gonzalez","31","Y","N",1,0,2019,10,2019
"14","13","2019-10-27","ARI","NOR","L 9-31","Zane Gonzalez","50","Y","N",1,0,2019,10,2019
"15","14","2019-10-27","ARI","NOR","L 9-31","Zane Gonzalez","31","Y","N",1,0,2019,10,2019
"16","15","2019-10-20","ARI","NYG","W 27-21","Zane Gonzalez","35","Y","N",1,0,2019,10,2019
"17","16","2019-10-20","ARI","NYG","W 27-21","Zane Gonzalez","47","Y","N",1,0,2019,10,2019
"18","17","2019-10-13","ARI","ATL","W 34-33","Zane Gonzalez","22","Y","N",1,0,2019,10,2019
"19","18","2019-10-13","ARI","ATL","W 34-33","Zane Gonzalez","39","Y","N",1,0,2019,10,2019
"20","19","2019-10-06","ARI","CIN","W 26-23","Zane Gonzalez","31","Y","N",1,0,2019,10,2019
"21","20","2019-10-06","ARI","CIN","W 26-23","Zane Gonzalez","23","Y","N",1,0,2019,10,2019
"22","21","2019-10-06","ARI","CIN","W 26-23","Zane Gonzalez","22","Y","N",1,0,2019,10,2019
"23","22","2019-10-06","ARI","CIN","W 26-23","Zane Gonzalez","37","N","N",0,0,2019,10,2019
"24","23","2019-10-06","ARI","CIN","W 26-23","Zane Gonzalez","20","Y","N",1,0,2019,10,2019
"25","24","2019-09-29","ARI","SEA","L 10-27","Zane Gonzalez","33","Y","N",1,0,2019,9,2019
"26","25","2019-09-29","ARI","SEA","L 10-27","Zane Gonzalez","43","N","N",0,0,2019,9,2019
"27","26","2019-09-29","ARI","SEA","L 10-27","Zane Gonzalez","48","N","N",0,0,2019,9,2019
"28","27","2019-09-22","ARI","CAR","L 20-38","Zane Gonzalez","47","Y","N",1,0,2019,9,2019
"29","28","2019-09-22","ARI","CAR","L 20-38","Zane Gonzalez","34","Y","N",1,0,2019,9,2019
"30","29","2019-09-15","ARI","BAL","L 17-23","Zane Gonzalez","21","Y","N",1,0,2019,9,2019
"31","30","2019-09-15","ARI","BAL","L 17-23","Zane Gonzalez","22","Y","N",1,0,2019,9,2019
"32","31","2019-09-15","ARI","BAL","L 17-23","Zane Gonzalez","21","Y","N",1,0,2019,9,2019
"33","32","2019-09-08","ARI","DET","T 27-27","Zane Gonzalez","20","Y","N",1,0,2019,9,2019
"34","33","2019-09-08","ARI","DET","T 27-27","Zane Gonzalez","34","Y","N",1,0,2019,9,2019
"35","34","2019-09-08","ARI","DET","T 27-27","Zane Gonzalez","42","Y","N",1,0,2019,9,2019
"36","35","2019-09-08","ARI","DET","T 27-27","Zane Gonzalez","28","Y","N",1,0,2019,9,2019
"210","1","2019-12-29","ATL","TAM","W 28-22","Younghoe Koo","45","Y","N",1,0,2019,12,2019
"310","2","2019-12-29","ATL","TAM","W 28-22","Younghoe Koo","33","Y","N",1,0,2019,12,2019
"42","3","2019-12-29","ATL","TAM","W 28-22","Younghoe Koo","33","Y","N",1,0,2019,12,2019
"51","4","2019-12-29","ATL","TAM","W 28-22","Younghoe Koo","43","Y","N",1,0,2019,12,2019
"61","5","2019-12-29","ATL","TAM","W 28-22","Younghoe Koo","27","Y","N",1,0,2019,12,2019
"71","6","2019-12-22","ATL","JAX","W 24-12","Younghoe Koo","23","Y","N",1,0,2019,12,2019
"81","7","2019-12-22","ATL","JAX","W 24-12","Younghoe Koo","42","N","N",0,0,2019,12,2019
"91","8","2019-12-15","ATL","SFO","W 29-22","Younghoe Koo","43","Y","N",1,0,2019,12,2019
"101","9","2019-12-08","ATL","CAR","W 40-20","Younghoe Koo","35","Y","N",1,0,2019,12,2019
"111","10","2019-12-08","ATL","CAR","W 40-20","Younghoe Koo","50","Y","N",1,0,2019,12,2019
"121","11","2019-12-08","ATL","CAR","W 40-20","Younghoe Koo","37","Y","N",1,0,2019,12,2019
"131","12","2019-12-08","ATL","CAR","W 40-20","Younghoe Koo","29","Y","N",1,0,2019,12,2019
"141","13","2019-11-28","ATL","NOR","L 18-26","Younghoe Koo","45","Y","N",1,0,2019,11,2019
"151","14","2019-11-28","ATL","NOR","L 18-26","Younghoe Koo","42","N","N",0,0,2019,11,2019
"161","15","2019-11-28","ATL","NOR","L 18-26","Younghoe Koo","43","Y","N",1,0,2019,11,2019
"171","16","2019-11-24","ATL","TAM","L 22-35","Younghoe Koo","38","Y","N",1,0,2019,11,2019
"181","17","2019-11-24","ATL","TAM","L 22-35","Younghoe Koo","40","Y","N",1,0,2019,11,2019
"191","18","2019-11-24","ATL","TAM","L 22-35","Younghoe Koo","25","Y","N",1,0,2019,11,2019
"201","19","2019-11-17","ATL","CAR","W 29-3","Younghoe Koo","29","Y","N",1,0,2019,11,2019
"211","20","2019-11-17","ATL","CAR","W 29-3","Younghoe Koo","38","Y","N",1,0,2019,11,2019
"221","21","2019-11-17","ATL","CAR","W 29-3","Younghoe Koo","23","Y","N",1,0,2019,11,2019
"231","22","2019-11-17","ATL","CAR","W 29-3","Younghoe Koo","38","N","N",0,0,2019,11,2019
"241","23","2019-11-10","ATL","NOR","W 26-9","Younghoe Koo","48","Y","N",1,0,2019,11,2019
"251","24","2019-11-10","ATL","NOR","W 26-9","Younghoe Koo","36","Y","N",1,0,2019,11,2019
"261","25","2019-11-10","ATL","NOR","W 26-9","Younghoe Koo","30","Y","N",1,0,2019,11,2019
"271","26","2019-11-10","ATL","NOR","W 26-9","Younghoe Koo","37","Y","N",1,0,2019,11,2019
"281","27","2019-10-27","ATL","SEA","L 20-27","Matt Bryant","37","Y","N",1,0,2019,10,2019
"291","28","2019-10-27","ATL","SEA","L 20-27","Matt Bryant","51","N","N",0,0,2019,10,2019
"301","29","2019-10-27","ATL","SEA","L 20-27","Matt Bryant","47","Y","N",1,0,2019,10,2019
"311","30","2019-10-27","ATL","SEA","L 20-27","Matt Bryant","53","N","N",0,0,2019,10,2019
"321","31","2019-10-20","ATL","LAR","L 10-37","Matt Bryant","52","Y","N",1,0,2019,10,2019
"331","32","2019-10-20","ATL","LAR","L 10-37","Matt Bryant","50","N","N",0,0,2019,10,2019
"341","33","2019-10-13","ATL","ARI","L 33-34","Matt Bryant","44","Y","N",1,0,2019,10,2019
"351","34","2019-10-13","ATL","ARI","L 33-34","Matt Bryant","29","Y","N",1,0,2019,10,2019
"361","35","2019-10-06","ATL","HOU","L 32-53","Matt Bryant","35","Y","N",1,0,2019,10,2019
"37","36","2019-09-29","ATL","TEN","L 10-24","Matt Bryant","42","Y","N",1,0,2019,9,2019
"38","37","2019-09-29","ATL","TEN","L 10-24","Matt Bryant","32","N","N",0,0,2019,9,2019
"39","38","2019-09-22","ATL","IND","L 24-27","Matt Bryant","34","Y","N",1,0,2019,9,2019
"40","39","2019-09-15","ATL","PHI","W 24-20","Matt Bryant","50","Y","N",1,0,2019,9,2019
"41","40","2019-09-15","ATL","PHI","W 24-20","Matt Bryant","50","N","N",0,0,2019,9,2019
"212","1","2020-01-11","BAL","TEN","L 12-28","Justin Tucker","49","Y","N",1,0,2020,1,2019
"312","2","2020-01-11","BAL","TEN","L 12-28","Justin Tucker","22","Y","N",1,0,2020,1,2019
"43","3","2019-12-29","BAL","PIT","W 28-10","Justin Tucker","22","Y","N",1,0,2019,12,2019
"52","4","2019-12-29","BAL","PIT","W 28-10","Justin Tucker","47","Y","N",1,0,2019,12,2019
"62","5","2019-12-29","BAL","PIT","W 28-10","Justin Tucker","45","Y","N",1,0,2019,12,2019
"72","6","2019-12-29","BAL","PIT","W 28-10","Justin Tucker","42","Y","N",1,0,2019,12,2019
"82","7","2019-12-22","BAL","CLE","W 31-15","Justin Tucker","31","Y","N",1,0,2019,12,2019
"92","8","2019-12-08","BAL","BUF","W 24-17","Justin Tucker","36","Y","N",1,0,2019,12,2019
"102","9","2019-12-01","BAL","SFO","W 20-17","Justin Tucker","30","Y","N",1,0,2019,12,2019
"112","10","2019-12-01","BAL","SFO","W 20-17","Justin Tucker","49","Y","N",1,0,2019,12,2019
"122","11","2019-11-25","BAL","LAR","W 45-6","Justin Tucker","34","Y","N",1,0,2019,11,2019
"132","12","2019-11-17","BAL","HOU","W 41-7","Justin Tucker","34","Y","N",1,0,2019,11,2019
"142","13","2019-11-17","BAL","HOU","W 41-7","Justin Tucker","43","N","N",0,0,2019,11,2019
"152","14","2019-11-17","BAL","HOU","W 41-7","Justin Tucker","46","Y","N",1,0,2019,11,2019
"162","15","2019-11-03","BAL","NWE","W 37-20","Justin Tucker","39","Y","N",1,0,2019,11,2019
"172","16","2019-10-20","BAL","SEA","W 30-16","Justin Tucker","25","Y","N",1,0,2019,10,2019
"182","17","2019-10-20","BAL","SEA","W 30-16","Justin Tucker","22","Y","N",1,0,2019,10,2019
"192","18","2019-10-20","BAL","SEA","W 30-16","Justin Tucker","28","Y","N",1,0,2019,10,2019
"202","19","2019-10-13","BAL","CIN","W 23-17","Justin Tucker","40","Y","N",1,0,2019,10,2019
"213","20","2019-10-13","BAL","CIN","W 23-17","Justin Tucker","21","Y","N",1,0,2019,10,2019
"222","21","2019-10-13","BAL","CIN","W 23-17","Justin Tucker","49","Y","N",1,0,2019,10,2019
"232","22","2019-10-06","BAL","PIT","W 26-23","Justin Tucker","48","Y","N",1,0,2019,10,2019
"242","23","2019-10-06","BAL","PIT","W 26-23","Justin Tucker","26","Y","N",1,0,2019,10,2019
"252","24","2019-10-06","BAL","PIT","W 26-23","Justin Tucker","46","Y","N",1,0,2019,10,2019
"262","25","2019-10-06","BAL","PIT","W 26-23","Justin Tucker","27","Y","N",1,0,2019,10,2019
"272","26","2019-09-29","BAL","CLE","L 25-40","Justin Tucker","41","Y","N",1,0,2019,9,2019
"282","27","2019-09-22","BAL","KAN","L 28-33","Justin Tucker","39","Y","N",1,0,2019,9,2019
"292","28","2019-09-15","BAL","ARI","W 23-17","Justin Tucker","28","Y","N",1,0,2019,9,2019
"302","29","2019-09-15","BAL","ARI","W 23-17","Justin Tucker","33","Y","N",1,0,2019,9,2019
"313","30","2019-09-15","BAL","ARI","W 23-17","Justin Tucker","51","Y","N",1,0,2019,9,2019
"322","31","2019-09-08","BAL","MIA","W 59-10","Justin Tucker","34","Y","N",1,0,2019,9,2019
"214","1","2020-01-04","BUF","HOU","L 19-22","Stephen Hauschka","40","Y","N",1,0,2020,1,2019
"314","2","2020-01-04","BUF","HOU","L 19-22","Stephen Hauschka","47","Y","N",1,0,2020,1,2019
"44","3","2020-01-04","BUF","HOU","L 19-22","Stephen Hauschka","40","Y","N",1,0,2020,1,2019
"53","4","2020-01-04","BUF","HOU","L 19-22","Stephen Hauschka","38","Y","N",1,0,2020,1,2019
"63","5","2019-12-29","BUF","NYJ","L 6-13","Stephen Hauschka","28","Y","N",1,0,2019,12,2019
"73","6","2019-12-29","BUF","NYJ","L 6-13","Stephen Hauschka","29","Y","N",1,0,2019,12,2019
"83","7","2019-12-21","BUF","NWE","L 17-24","Stephen Hauschka","35","Y","N",1,0,2019,12,2019
"93","8","2019-12-15","BUF","PIT","W 17-10","Stephen Hauschka","36","Y","N",1,0,2019,12,2019
"103","9","2019-12-08","BUF","BAL","L 17-24","Stephen Hauschka","36","Y","N",1,0,2019,12,2019
"113","10","2019-12-08","BUF","BAL","L 17-24","Stephen Hauschka","48","Y","N",1,0,2019,12,2019
"123","11","2019-12-08","BUF","BAL","L 17-24","Stephen Hauschka","47","Y","N",1,0,2019,12,2019
"133","12","2019-11-28","BUF","DAL","W 26-15","Stephen Hauschka","50","N","N",0,0,2019,11,2019
"143","13","2019-11-28","BUF","DAL","W 26-15","Stephen Hauschka","26","Y","N",1,0,2019,11,2019
"153","14","2019-11-28","BUF","DAL","W 26-15","Stephen Hauschka","41","Y","N",1,0,2019,11,2019
"163","15","2019-11-24","BUF","DEN","W 20-3","Stephen Hauschka","39","Y","N",1,0,2019,11,2019
"173","16","2019-11-24","BUF","DEN","W 20-3","Stephen Hauschka","23","Y","N",1,0,2019,11,2019
"183","17","2019-11-17","BUF","MIA","W 37-20","Stephen Hauschka","51","Y","N",1,0,2019,11,2019
"193","18","2019-11-17","BUF","MIA","W 37-20","Stephen Hauschka","21","Y","N",1,0,2019,11,2019
"203","19","2019-11-17","BUF","MIA","W 37-20","Stephen Hauschka","34","Y","N",1,0,2019,11,2019
"215","20","2019-11-10","BUF","CLE","L 16-19","Stephen Hauschka","53","N","N",0,0,2019,11,2019
"223","21","2019-11-10","BUF","CLE","L 16-19","Stephen Hauschka","34","N","N",0,0,2019,11,2019
"233","22","2019-11-03","BUF","WAS","W 24-9","Stephen Hauschka","42","Y","N",1,0,2019,11,2019
"243","23","2019-10-27","BUF","PHI","L 13-31","Stephen Hauschka","53","N","N",0,0,2019,10,2019
"253","24","2019-10-20","BUF","MIA","W 31-21","Stephen Hauschka","45","Y","N",1,0,2019,10,2019
"263","25","2019-10-20","BUF","MIA","W 31-21","Stephen Hauschka","43","Y","N",1,0,2019,10,2019
"273","26","2019-10-20","BUF","MIA","W 31-21","Stephen Hauschka","39","Y","N",1,0,2019,10,2019
"283","27","2019-09-29","BUF","NWE","L 10-16","Stephen Hauschka","49","N","N",0,0,2019,9,2019
"293","28","2019-09-29","BUF","NWE","L 10-16","Stephen Hauschka","46","Y","N",1,0,2019,9,2019
"303","29","2019-09-22","BUF","CIN","W 21-17","Stephen Hauschka","45","Y","N",1,0,2019,9,2019
"315","30","2019-09-22","BUF","CIN","W 21-17","Stephen Hauschka","34","Y","N",1,0,2019,9,2019
"323","31","2019-09-22","BUF","CIN","W 21-17","Stephen Hauschka","62","N","N",0,0,2019,9,2019
"332","32","2019-09-08","BUF","NYJ","W 17-16","Stephen Hauschka","43","Y","N",1,0,2019,9,2019
"216","1","2019-12-29","CAR","NOR","L 10-42","Joey Slye","23","Y","N",1,0,2019,12,2019
"316","2","2019-12-22","CAR","IND","L 6-38","Joey Slye","27","Y","N",1,0,2019,12,2019
"45","3","2019-12-22","CAR","IND","L 6-38","Joey Slye","50","Y","N",1,0,2019,12,2019
"54","4","2019-12-15","CAR","SEA","L 24-30","Joey Slye","52","Y","N",1,0,2019,12,2019
"64","5","2019-12-08","CAR","ATL","L 20-40","Joey Slye","46","Y","N",1,0,2019,12,2019
"74","6","2019-12-08","CAR","ATL","L 20-40","Joey Slye","42","Y","N",1,0,2019,12,2019
"84","7","2019-11-24","CAR","NOR","L 31-34","Joey Slye","52","Y","N",1,0,2019,11,2019
"94","8","2019-11-24","CAR","NOR","L 31-34","Joey Slye","41","Y","N",1,0,2019,11,2019
"104","9","2019-11-24","CAR","NOR","L 31-34","Joey Slye","28","N","N",0,0,2019,11,2019
"114","10","2019-11-17","CAR","ATL","L 3-29","Joey Slye","31","Y","N",1,0,2019,11,2019
"124","11","2019-11-10","CAR","GNB","L 16-24","Joey Slye","50","Y","N",1,0,2019,11,2019
"134","12","2019-11-03","CAR","TEN","W 30-20","Joey Slye","49","N","N",0,0,2019,11,2019
"144","13","2019-11-03","CAR","TEN","W 30-20","Joey Slye","35","Y","N",1,0,2019,11,2019
"154","14","2019-10-27","CAR","SFO","L 13-51","Joey Slye","41","Y","N",1,0,2019,10,2019
"164","15","2019-10-13","CAR","TAM","W 37-26","Joey Slye","29","Y","N",1,0,2019,10,2019
"174","16","2019-10-13","CAR","TAM","W 37-26","Joey Slye","49","Y","N",1,0,2019,10,2019
"184","17","2019-10-13","CAR","TAM","W 37-26","Joey Slye","46","Y","N",1,0,2019,10,2019
"194","18","2019-10-13","CAR","TAM","W 37-26","Joey Slye","41","N","N",0,0,2019,10,2019
"204","19","2019-10-13","CAR","TAM","W 37-26","Joey Slye","60","N","N",0,0,2019,10,2019
"217","20","2019-10-06","CAR","JAX","W 34-27","Joey Slye","46","N","N",0,0,2019,10,2019
"224","21","2019-10-06","CAR","JAX","W 34-27","Joey Slye","56","N","Y",0,1,2019,10,2019
"234","22","2019-09-29","CAR","HOU","W 16-10","Joey Slye","48","Y","N",1,0,2019,9,2019
"244","23","2019-09-29","CAR","HOU","W 16-10","Joey Slye","26","Y","N",1,0,2019,9,2019
"254","24","2019-09-29","CAR","HOU","W 16-10","Joey Slye","55","Y","N",1,0,2019,9,2019
"264","25","2019-09-22","CAR","ARI","W 38-20","Joey Slye","36","Y","N",1,0,2019,9,2019
"274","26","2019-09-12","CAR","TAM","L 14-20","Joey Slye","54","Y","N",1,0,2019,9,2019
"284","27","2019-09-12","CAR","TAM","L 14-20","Joey Slye","37","Y","N",1,0,2019,9,2019
"294","28","2019-09-12","CAR","TAM","L 14-20","Joey Slye","51","Y","N",1,0,2019,9,2019
"304","29","2019-09-12","CAR","TAM","L 14-20","Joey Slye","32","Y","N",1,0,2019,9,2019
"317","30","2019-09-08","CAR","LAR","L 27-30","Joey Slye","53","N","N",0,0,2019,9,2019
"324","31","2019-09-08","CAR","LAR","L 27-30","Joey Slye","52","Y","N",1,0,2019,9,2019
"333","32","2019-09-08","CAR","LAR","L 27-30","Joey Slye","46","Y","N",1,0,2019,9,2019
"218","1","2019-12-29","CHI","MIN","W 21-19","Eddy Pineiro","26","Y","N",1,0,2019,12,2019
"318","2","2019-12-29","CHI","MIN","W 21-19","Eddy Pineiro","34","Y","N",1,0,2019,12,2019
"46","3","2019-12-29","CHI","MIN","W 21-19","Eddy Pineiro","33","Y","N",1,0,2019,12,2019
"55","4","2019-12-29","CHI","MIN","W 21-19","Eddy Pineiro","22","Y","N",1,0,2019,12,2019
"65","5","2019-12-22","CHI","KAN","L 3-26","Eddy Pineiro","46","Y","N",1,0,2019,12,2019
"75","6","2019-12-15","CHI","GNB","L 13-21","Eddy Pineiro","30","Y","N",1,0,2019,12,2019
"85","7","2019-12-15","CHI","GNB","L 13-21","Eddy Pineiro","27","Y","N",1,0,2019,12,2019
"95","8","2019-12-05","CHI","DAL","W 31-24","Eddy Pineiro","36","Y","N",1,0,2019,12,2019
"105","9","2019-11-28","CHI","DET","W 24-20","Eddy Pineiro","30","Y","N",1,0,2019,11,2019
"115","10","2019-11-24","CHI","NYG","W 19-14","Eddy Pineiro","24","Y","N",1,0,2019,11,2019
"125","11","2019-11-24","CHI","NYG","W 19-14","Eddy Pineiro","26","Y","N",1,0,2019,11,2019
"135","12","2019-11-17","CHI","LAR","L 7-17","Eddy Pineiro","47","N","N",0,0,2019,11,2019
"145","13","2019-11-17","CHI","LAR","L 7-17","Eddy Pineiro","48","N","N",0,0,2019,11,2019
"155","14","2019-10-27","CHI","LAC","L 16-17","Eddy Pineiro","19","Y","N",1,0,2019,10,2019
"165","15","2019-10-27","CHI","LAC","L 16-17","Eddy Pineiro","33","N","N",0,0,2019,10,2019
"175","16","2019-10-27","CHI","LAC","L 16-17","Eddy Pineiro","25","Y","N",1,0,2019,10,2019
"185","17","2019-10-27","CHI","LAC","L 16-17","Eddy Pineiro","41","N","N",0,0,2019,10,2019
"195","18","2019-10-27","CHI","LAC","L 16-17","Eddy Pineiro","22","Y","N",1,0,2019,10,2019
"205","19","2019-10-20","CHI","NOR","L 25-36","Eddy Pineiro","46","Y","N",1,0,2019,10,2019
"219","20","2019-09-29","CHI","MIN","W 16-6","Eddy Pineiro","30","Y","N",1,0,2019,9,2019
"225","21","2019-09-29","CHI","MIN","W 16-6","Eddy Pineiro","38","Y","N",1,0,2019,9,2019
"235","22","2019-09-29","CHI","MIN","W 16-6","Eddy Pineiro","25","Y","N",1,0,2019,9,2019
"245","23","2019-09-23","CHI","WAS","W 31-15","Eddy Pineiro","38","Y","N",1,0,2019,9,2019
"255","24","2019-09-23","CHI","WAS","W 31-15","Eddy Pineiro","44","N","N",0,0,2019,9,2019
"265","25","2019-09-15","CHI","DEN","W 16-14","Eddy Pineiro","52","Y","N",1,0,2019,9,2019
"275","26","2019-09-15","CHI","DEN","W 16-14","Eddy Pineiro","40","Y","N",1,0,2019,9,2019
"285","27","2019-09-15","CHI","DEN","W 16-14","Eddy Pineiro","53","Y","N",1,0,2019,9,2019
"295","28","2019-09-05","CHI","GNB","L 3-10","Eddy Pineiro","38","Y","N",1,0,2019,9,2019
"220","1","2019-12-29","CIN","CLE","W 33-23","Randy Bullock","47","Y","N",1,0,2019,12,2019
"319","2","2019-12-29","CIN","CLE","W 33-23","Randy Bullock","46","Y","N",1,0,2019,12,2019
"47","3","2019-12-22","CIN","MIA","L 35-38","Randy Bullock","57","Y","N",1,0,2019,12,2019
"56","4","2019-12-22","CIN","MIA","L 35-38","Randy Bullock","20","Y","N",1,0,2019,12,2019
"66","5","2019-12-15","CIN","NWE","L 13-34","Randy Bullock","48","Y","N",1,0,2019,12,2019
"76","6","2019-12-15","CIN","NWE","L 13-34","Randy Bullock","34","Y","N",1,0,2019,12,2019
"86","7","2019-12-08","CIN","CLE","L 19-27","Randy Bullock","46","Y","N",1,0,2019,12,2019
"96","8","2019-12-08","CIN","CLE","L 19-27","Randy Bullock","34","Y","N",1,0,2019,12,2019
"106","9","2019-12-08","CIN","CLE","L 19-27","Randy Bullock","28","Y","N",1,0,2019,12,2019
"116","10","2019-12-08","CIN","CLE","L 19-27","Randy Bullock","44","Y","N",1,0,2019,12,2019
"126","11","2019-12-01","CIN","NYJ","W 22-6","Randy Bullock","24","Y","N",1,0,2019,12,2019
"136","12","2019-12-01","CIN","NYJ","W 22-6","Randy Bullock","47","Y","N",1,0,2019,12,2019
"146","13","2019-12-01","CIN","NYJ","W 22-6","Randy Bullock","48","N","N",0,0,2019,12,2019
"156","14","2019-11-24","CIN","PIT","L 10-16","Randy Bullock","27","Y","N",1,0,2019,11,2019
"166","15","2019-11-17","CIN","OAK","L 10-17","Randy Bullock","40","Y","N",1,0,2019,11,2019
"176","16","2019-11-17","CIN","OAK","L 10-17","Randy Bullock","53","N","N",0,0,2019,11,2019
"186","17","2019-11-10","CIN","BAL","L 13-49","Randy Bullock","42","Y","N",1,0,2019,11,2019
"196","18","2019-11-10","CIN","BAL","L 13-49","Randy Bullock","39","Y","N",1,0,2019,11,2019
"206","19","2019-10-27","CIN","LAR","L 10-24","Randy Bullock","28","Y","N",1,0,2019,10,2019
"2110","20","2019-10-20","CIN","JAX","L 17-27","Randy Bullock","38","Y","N",1,0,2019,10,2019
"226","21","2019-10-13","CIN","BAL","L 17-23","Randy Bullock","22","Y","N",1,0,2019,10,2019
"236","22","2019-10-06","CIN","ARI","L 23-26","Randy Bullock","48","Y","N",1,0,2019,10,2019
"246","23","2019-10-06","CIN","ARI","L 23-26","Randy Bullock","23","Y","N",1,0,2019,10,2019
"256","24","2019-10-06","CIN","ARI","L 23-26","Randy Bullock","23","Y","N",1,0,2019,10,2019
"266","25","2019-09-30","CIN","PIT","L 3-27","Randy Bullock","28","Y","N",1,0,2019,9,2019
"276","26","2019-09-22","CIN","BUF","L 17-21","Randy Bullock","43","Y","N",1,0,2019,9,2019
"286","27","2019-09-15","CIN","SFO","L 17-41","Randy Bullock","37","Y","N",1,0,2019,9,2019
"296","28","2019-09-15","CIN","SFO","L 17-41","Randy Bullock","52","N","N",0,0,2019,9,2019
"305","29","2019-09-08","CIN","SEA","L 20-21","Randy Bullock","39","Y","N",1,0,2019,9,2019
"3110","30","2019-09-08","CIN","SEA","L 20-21","Randy Bullock","27","Y","N",1,0,2019,9,2019
"325","31","2019-09-08","CIN","SEA","L 20-21","Randy Bullock","45","N","N",0,0,2019,9,2019
"227","1","2019-12-29","CLE","CIN","L 23-33","Austin Seibert","42","Y","N",1,0,2019,12,2019
"320","2","2019-12-22","CLE","BAL","L 15-31","Austin Seibert","47","Y","N",1,0,2019,12,2019
"48","3","2019-12-15","CLE","ARI","L 24-38","Austin Seibert","45","N","N",0,0,2019,12,2019
"57","4","2019-12-15","CLE","ARI","L 24-38","Austin Seibert","44","Y","N",1,0,2019,12,2019
"67","5","2019-12-08","CLE","CIN","W 27-19","Austin Seibert","31","Y","N",1,0,2019,12,2019
"77","6","2019-12-08","CLE","CIN","W 27-19","Austin Seibert","53","Y","N",1,0,2019,12,2019
"87","7","2019-12-01","CLE","PIT","L 13-20","Austin Seibert","31","Y","N",1,0,2019,12,2019
"97","8","2019-12-01","CLE","PIT","L 13-20","Austin Seibert","34","Y","N",1,0,2019,12,2019
"107","9","2019-11-24","CLE","MIA","W 41-24","Austin Seibert","46","N","N",0,0,2019,11,2019
"117","10","2019-11-24","CLE","MIA","W 41-24","Austin Seibert","26","Y","N",1,0,2019,11,2019
"127","11","2019-11-24","CLE","MIA","W 41-24","Austin Seibert","40","Y","N",1,0,2019,11,2019
"137","12","2019-11-14","CLE","PIT","W 21-7","Austin Seibert","45","N","N",0,0,2019,11,2019
"147","13","2019-11-14","CLE","PIT","W 21-7","Austin Seibert","50","N","N",0,0,2019,11,2019
"157","14","2019-11-10","CLE","BUF","W 19-16","Austin Seibert","47","Y","N",1,0,2019,11,2019
"167","15","2019-11-10","CLE","BUF","W 19-16","Austin Seibert","27","Y","N",1,0,2019,11,2019
"177","16","2019-11-03","CLE","DEN","L 19-24","Austin Seibert","30","Y","N",1,0,2019,11,2019
"187","17","2019-11-03","CLE","DEN","L 19-24","Austin Seibert","39","Y","N",1,0,2019,11,2019
"197","18","2019-11-03","CLE","DEN","L 19-24","Austin Seibert","27","Y","N",1,0,2019,11,2019
"207","19","2019-11-03","CLE","DEN","L 19-24","Austin Seibert","30","Y","N",1,0,2019,11,2019
"2111","20","2019-10-27","CLE","NWE","L 13-27","Austin Seibert","38","Y","N",1,0,2019,10,2019
"228","21","2019-10-27","CLE","NWE","L 13-27","Austin Seibert","47","Y","N",1,0,2019,10,2019
"237","22","2019-10-07","CLE","SFO","L 3-31","Austin Seibert","30","Y","N",1,0,2019,10,2019
"247","23","2019-09-29","CLE","BAL","W 40-25","Austin Seibert","24","Y","N",1,0,2019,9,2019
"257","24","2019-09-29","CLE","BAL","W 40-25","Austin Seibert","43","Y","N",1,0,2019,9,2019
"267","25","2019-09-22","CLE","LAR","L 13-20","Austin Seibert","35","Y","N",1,0,2019,9,2019
"277","26","2019-09-22","CLE","LAR","L 13-20","Austin Seibert","23","Y","N",1,0,2019,9,2019
"287","27","2019-09-16","CLE","NYJ","W 23-3","Austin Seibert","23","Y","N",1,0,2019,9,2019
"297","28","2019-09-16","CLE","NYJ","W 23-3","Austin Seibert","43","Y","N",1,0,2019,9,2019
"306","29","2019-09-16","CLE","NYJ","W 23-3","Austin Seibert","48","Y","N",1,0,2019,9,2019
"229","1","2019-12-29","DAL","WAS","W 47-16","Kai Forbath","47","Y","N",1,0,2019,12,2019
"326","2","2019-12-29","DAL","WAS","W 47-16","Kai Forbath","40","Y","N",1,0,2019,12,2019
"49","3","2019-12-29","DAL","WAS","W 47-16","Kai Forbath","28","Y","N",1,0,2019,12,2019
"58","4","2019-12-29","DAL","WAS","W 47-16","Kai Forbath","48","Y","N",1,0,2019,12,2019
"68","5","2019-12-22","DAL","PHI","L 9-17","Kai Forbath","32","Y","N",1,0,2019,12,2019
"78","6","2019-12-22","DAL","PHI","L 9-17","Kai Forbath","49","Y","N",1,0,2019,12,2019
"88","7","2019-12-22","DAL","PHI","L 9-17","Kai Forbath","49","Y","N",1,0,2019,12,2019
"98","8","2019-12-15","DAL","LAR","W 44-21","Kai Forbath","42","Y","N",1,0,2019,12,2019
"108","9","2019-12-15","DAL","LAR","W 44-21","Kai Forbath","42","Y","N",1,0,2019,12,2019
"118","10","2019-12-15","DAL","LAR","W 44-21","Kai Forbath","50","Y","N",1,0,2019,12,2019
"128","11","2019-12-05","DAL","CHI","L 24-31","Brett Maher","31","Y","N",1,0,2019,12,2019
"138","12","2019-12-05","DAL","CHI","L 24-31","Brett Maher","42","N","N",0,0,2019,12,2019
"148","13","2019-11-28","DAL","BUF","L 15-26","Brett Maher","35","N","Y",0,1,2019,11,2019
"158","14","2019-11-28","DAL","BUF","L 15-26","Brett Maher","47","N","N",0,0,2019,11,2019
"168","15","2019-11-24","DAL","NWE","L 9-13","Brett Maher","27","Y","N",1,0,2019,11,2019
"178","16","2019-11-24","DAL","NWE","L 9-13","Brett Maher","46","Y","N",1,0,2019,11,2019
"188","17","2019-11-24","DAL","NWE","L 9-13","Brett Maher","29","Y","N",1,0,2019,11,2019
"198","18","2019-11-24","DAL","NWE","L 9-13","Brett Maher","46","N","N",0,0,2019,11,2019
"208","19","2019-11-17","DAL","DET","W 35-27","Brett Maher","34","Y","N",1,0,2019,11,2019
"2112","20","2019-11-17","DAL","DET","W 35-27","Brett Maher","30","Y","N",1,0,2019,11,2019
"2210","21","2019-11-10","DAL","MIN","L 24-28","Brett Maher","57","N","N",0,0,2019,11,2019
"238","22","2019-11-10","DAL","MIN","L 24-28","Brett Maher","23","Y","N",1,0,2019,11,2019
"248","23","2019-11-04","DAL","NYG","W 37-18","Brett Maher","52","Y","N",1,0,2019,11,2019
"258","24","2019-11-04","DAL","NYG","W 37-18","Brett Maher","54","N","N",0,0,2019,11,2019
"268","25","2019-11-04","DAL","NYG","W 37-18","Brett Maher","28","Y","N",1,0,2019,11,2019
"278","26","2019-11-04","DAL","NYG","W 37-18","Brett Maher","35","Y","N",1,0,2019,11,2019
"288","27","2019-10-20","DAL","PHI","W 37-10","Brett Maher","29","Y","N",1,0,2019,10,2019
"298","28","2019-10-20","DAL","PHI","W 37-10","Brett Maher","63","Y","N",1,0,2019,10,2019
"307","29","2019-10-20","DAL","PHI","W 37-10","Brett Maher","26","Y","N",1,0,2019,10,2019
"3111","30","2019-10-13","DAL","NYJ","L 22-24","Brett Maher","62","Y","N",1,0,2019,10,2019
"327","31","2019-10-13","DAL","NYJ","L 22-24","Brett Maher","40","N","N",0,0,2019,10,2019
"334","32","2019-10-13","DAL","NYJ","L 22-24","Brett Maher","50","Y","N",1,0,2019,10,2019
"342","33","2019-10-13","DAL","NYJ","L 22-24","Brett Maher","32","Y","N",1,0,2019,10,2019
"352","34","2019-10-06","DAL","GNB","L 24-34","Brett Maher","36","Y","N",1,0,2019,10,2019
"362","35","2019-10-06","DAL","GNB","L 24-34","Brett Maher","54","N","N",0,0,2019,10,2019
"371","36","2019-10-06","DAL","GNB","L 24-34","Brett Maher","33","N","N",0,0,2019,10,2019
"381","37","2019-09-29","DAL","NOR","L 10-12","Brett Maher","28","Y","N",1,0,2019,9,2019
"391","38","2019-09-22","DAL","MIA","W 31-6","Brett Maher","55","N","N",0,0,2019,9,2019
"401","39","2019-09-22","DAL","MIA","W 31-6","Brett Maher","28","Y","N",1,0,2019,9,2019
"411","40","2019-09-15","DAL","WAS","W 31-21","Brett Maher","25","Y","N",1,0,2019,9,2019
"230","1","2019-12-29","DEN","OAK","W 16-15","Brandon McManus","51","Y","N",1,0,2019,12,2019
"328","2","2019-12-29","DEN","OAK","W 16-15","Brandon McManus","49","Y","N",1,0,2019,12,2019
"410","3","2019-12-29","DEN","OAK","W 16-15","Brandon McManus","57","N","N",0,0,2019,12,2019
"59","4","2019-12-29","DEN","OAK","W 16-15","Brandon McManus","43","Y","N",1,0,2019,12,2019
"69","5","2019-12-22","DEN","DET","W 27-17","Brandon McManus","26","Y","N",1,0,2019,12,2019
"79","6","2019-12-22","DEN","DET","W 27-17","Brandon McManus","34","Y","N",1,0,2019,12,2019
"89","7","2019-12-15","DEN","KAN","L 3-23","Brandon McManus","32","Y","N",1,0,2019,12,2019
"99","8","2019-12-08","DEN","HOU","W 38-24","Brandon McManus","36","Y","N",1,0,2019,12,2019
"109","9","2019-12-01","DEN","LAC","W 23-20","Brandon McManus","52","Y","N",1,0,2019,12,2019
"119","10","2019-12-01","DEN","LAC","W 23-20","Brandon McManus","31","Y","N",1,0,2019,12,2019
"129","11","2019-12-01","DEN","LAC","W 23-20","Brandon McManus","53","Y","N",1,0,2019,12,2019
"139","12","2019-11-24","DEN","BUF","L 3-20","Brandon McManus","45","Y","N",1,0,2019,11,2019
"149","13","2019-11-17","DEN","MIN","L 23-27","Brandon McManus","43","N","N",0,0,2019,11,2019
"159","14","2019-11-17","DEN","MIN","L 23-27","Brandon McManus","47","Y","N",1,0,2019,11,2019
"169","15","2019-11-17","DEN","MIN","L 23-27","Brandon McManus","41","Y","N",1,0,2019,11,2019
"179","16","2019-11-17","DEN","MIN","L 23-27","Brandon McManus","29","Y","N",1,0,2019,11,2019
"189","17","2019-11-03","DEN","CLE","W 24-19","Brandon McManus","43","Y","N",1,0,2019,11,2019
"199","18","2019-10-27","DEN","IND","L 13-15","Brandon McManus","29","Y","N",1,0,2019,10,2019
"209","19","2019-10-27","DEN","IND","L 13-15","Brandon McManus","21","Y","N",1,0,2019,10,2019
"2113","20","2019-10-17","DEN","KAN","L 6-30","Brandon McManus","45","N","N",0,0,2019,10,2019
"2211","21","2019-10-13","DEN","TEN","W 16-0","Brandon McManus","48","Y","N",1,0,2019,10,2019
"239","22","2019-10-13","DEN","TEN","W 16-0","Brandon McManus","53","Y","N",1,0,2019,10,2019
"249","23","2019-10-13","DEN","TEN","W 16-0","Brandon McManus","31","Y","N",1,0,2019,10,2019
"259","24","2019-10-06","DEN","LAC","W 20-13","Brandon McManus","40","Y","N",1,0,2019,10,2019
"269","25","2019-10-06","DEN","LAC","W 20-13","Brandon McManus","46","Y","N",1,0,2019,10,2019
"279","26","2019-10-06","DEN","LAC","W 20-13","Brandon McManus","54","N","N",0,0,2019,10,2019
"289","27","2019-09-29","DEN","JAX","L 24-26","Brandon McManus","33","Y","N",1,0,2019,9,2019
"299","28","2019-09-22","DEN","GNB","L 16-27","Brandon McManus","30","Y","N",1,0,2019,9,2019
"308","29","2019-09-15","DEN","CHI","L 14-16","Brandon McManus","32","Y","N",1,0,2019,9,2019
"3112","30","2019-09-15","DEN","CHI","L 14-16","Brandon McManus","43","Y","N",1,0,2019,9,2019
"329","31","2019-09-09","DEN","OAK","L 16-24","Brandon McManus","64","N","N",0,0,2019,9,2019
"335","32","2019-09-09","DEN","OAK","L 16-24","Brandon McManus","26","Y","N",1,0,2019,9,2019
"343","33","2019-09-09","DEN","OAK","L 16-24","Brandon McManus","26","Y","N",1,0,2019,9,2019
"353","34","2019-09-09","DEN","OAK","L 16-24","Brandon McManus","39","Y","N",1,0,2019,9,2019
"240","1","2019-12-29","DET","GNB","L 20-23","Matt Prater","42","Y","N",1,0,2019,12,2019
"330","2","2019-12-29","DET","GNB","L 20-23","Matt Prater","56","Y","N",1,0,2019,12,2019
"412","3","2019-12-22","DET","DEN","L 17-27","Matt Prater","26","Y","N",1,0,2019,12,2019
"510","4","2019-12-15","DET","TAM","L 17-38","Matt Prater","44","Y","N",1,0,2019,12,2019
"610","5","2019-12-08","DET","MIN","L 7-20","Matt Prater","45","N","N",0,0,2019,12,2019
"710","6","2019-11-28","DET","CHI","L 20-24","Matt Prater","25","Y","N",1,0,2019,11,2019
"810","7","2019-11-28","DET","CHI","L 20-24","Matt Prater","24","Y","N",1,0,2019,11,2019
"910","8","2019-11-24","DET","WAS","L 16-19","Matt Prater","24","Y","N",1,0,2019,11,2019
"1010","9","2019-11-24","DET","WAS","L 16-19","Matt Prater","21","Y","N",1,0,2019,11,2019
"1110","10","2019-11-24","DET","WAS","L 16-19","Matt Prater","39","N","N",0,0,2019,11,2019
"1210","11","2019-11-24","DET","WAS","L 16-19","Matt Prater","49","Y","N",1,0,2019,11,2019
"1310","12","2019-11-10","DET","CHI","L 13-20","Matt Prater","22","Y","N",1,0,2019,11,2019
"1410","13","2019-11-10","DET","CHI","L 13-20","Matt Prater","54","Y","N",1,0,2019,11,2019
"1510","14","2019-11-03","DET","OAK","L 24-31","Matt Prater","23","Y","N",1,0,2019,11,2019
"1610","15","2019-10-27","DET","NYG","W 31-26","Matt Prater","52","Y","N",1,0,2019,10,2019
"1710","16","2019-10-27","DET","NYG","W 31-26","Matt Prater","53","N","N",0,0,2019,10,2019
"1810","17","2019-10-20","DET","MIN","L 30-42","Matt Prater","46","Y","N",1,0,2019,10,2019
"1910","18","2019-10-14","DET","GNB","L 22-23","Matt Prater","54","Y","N",1,0,2019,10,2019
"2010","19","2019-10-14","DET","GNB","L 22-23","Matt Prater","22","Y","N",1,0,2019,10,2019
"2114","20","2019-10-14","DET","GNB","L 22-23","Matt Prater","51","Y","N",1,0,2019,10,2019
"2212","21","2019-10-14","DET","GNB","L 22-23","Matt Prater","26","Y","N",1,0,2019,10,2019
"2310","22","2019-10-14","DET","GNB","L 22-23","Matt Prater","41","Y","N",1,0,2019,10,2019
"2410","23","2019-09-29","DET","KAN","L 30-34","Matt Prater","53","Y","N",1,0,2019,9,2019
"2510","24","2019-09-29","DET","KAN","L 30-34","Matt Prater","48","Y","N",1,0,2019,9,2019
"2610","25","2019-09-29","DET","KAN","L 30-34","Matt Prater","25","Y","N",1,0,2019,9,2019
"2710","26","2019-09-22","DET","PHI","W 27-24","Matt Prater","46","N","Y",0,1,2019,9,2019
"2810","27","2019-09-22","DET","PHI","W 27-24","Matt Prater","33","Y","N",1,0,2019,9,2019
"2910","28","2019-09-22","DET","PHI","W 27-24","Matt Prater","25","Y","N",1,0,2019,9,2019
"309","29","2019-09-15","DET","LAC","W 13-10","Matt Prater","40","N","N",0,0,2019,9,2019
"3113","30","2019-09-08","DET","ARI","T 27-27","Matt Prater","55","Y","N",1,0,2019,9,2019
"3210","31","2019-09-08","DET","ARI","T 27-27","Matt Prater","33","Y","N",1,0,2019,9,2019
"250","1","2019-12-29","GNB","DET","W 23-20","Mason Crosby","51","N","N",0,0,2019,12,2019
"336","2","2019-12-29","GNB","DET","W 23-20","Mason Crosby","33","Y","N",1,0,2019,12,2019
"413","3","2019-12-29","GNB","DET","W 23-20","Mason Crosby","32","Y","N",1,0,2019,12,2019
"511","4","2019-12-29","GNB","DET","W 23-20","Mason Crosby","40","Y","N",1,0,2019,12,2019
"611","5","2019-12-23","GNB","MIN","W 23-10","Mason Crosby","33","Y","N",1,0,2019,12,2019
"711","6","2019-12-23","GNB","MIN","W 23-10","Mason Crosby","42","Y","N",1,0,2019,12,2019
"811","7","2019-12-23","GNB","MIN","W 23-10","Mason Crosby","19","Y","N",1,0,2019,12,2019
"911","8","2019-12-08","GNB","WAS","W 20-15","Mason Crosby","33","Y","N",1,0,2019,12,2019
"1011","9","2019-12-08","GNB","WAS","W 20-15","Mason Crosby","32","Y","N",1,0,2019,12,2019
"1111","10","2019-12-01","GNB","NYG","W 31-13","Mason Crosby","47","Y","N",1,0,2019,12,2019
"1211","11","2019-11-10","GNB","CAR","W 24-16","Mason Crosby","47","Y","N",1,0,2019,11,2019
"1311","12","2019-11-03","GNB","LAC","L 11-26","Mason Crosby","54","Y","N",1,0,2019,11,2019
"1411","13","2019-10-27","GNB","KAN","W 31-24","Mason Crosby","35","Y","N",1,0,2019,10,2019
"1511","14","2019-10-14","GNB","DET","W 23-22","Mason Crosby","37","Y","N",1,0,2019,10,2019
"1611","15","2019-10-14","GNB","DET","W 23-22","Mason Crosby","23","Y","N",1,0,2019,10,2019
"1711","16","2019-10-14","GNB","DET","W 23-22","Mason Crosby","48","Y","N",1,0,2019,10,2019
"1811","17","2019-10-06","GNB","DAL","W 34-24","Mason Crosby","38","Y","N",1,0,2019,10,2019
"1911","18","2019-10-06","GNB","DAL","W 34-24","Mason Crosby","20","Y","N",1,0,2019,10,2019
"2011","19","2019-09-26","GNB","PHI","L 27-34","Mason Crosby","31","Y","N",1,0,2019,9,2019
"2115","20","2019-09-26","GNB","PHI","L 27-34","Mason Crosby","30","Y","N",1,0,2019,9,2019
"2213","21","2019-09-22","GNB","DEN","W 27-16","Mason Crosby","41","Y","N",1,0,2019,9,2019
"2311","22","2019-09-22","GNB","DEN","W 27-16","Mason Crosby","42","Y","N",1,0,2019,9,2019
"2411","23","2019-09-22","GNB","DEN","W 27-16","Mason Crosby","45","N","N",0,0,2019,9,2019
"2511","24","2019-09-05","GNB","CHI","W 10-3","Mason Crosby","39","Y","N",1,0,2019,9,2019
"260","1","2020-01-12","HOU","KAN","L 31-51","Ka'imi Fairbairn","51","N","N",0,0,2020,1,2019
"337","2","2020-01-12","HOU","KAN","L 31-51","Ka'imi Fairbairn","31","Y","N",1,0,2020,1,2019
"414","3","2020-01-04","HOU","BUF","W 22-19","Ka'imi Fairbairn","28","Y","N",1,0,2020,1,2019
"512","4","2020-01-04","HOU","BUF","W 22-19","Ka'imi Fairbairn","41","Y","N",1,0,2020,1,2019
"612","5","2019-12-21","HOU","TAM","W 23-20","Ka'imi Fairbairn","37","Y","N",1,0,2019,12,2019
"712","6","2019-12-21","HOU","TAM","W 23-20","Ka'imi Fairbairn","25","Y","N",1,0,2019,12,2019
"812","7","2019-12-21","HOU","TAM","W 23-20","Ka'imi Fairbairn","32","Y","N",1,0,2019,12,2019
"912","8","2019-12-15","HOU","TEN","W 24-21","Ka'imi Fairbairn","29","Y","N",1,0,2019,12,2019
"1012","9","2019-12-08","HOU","DEN","L 24-38","Ka'imi Fairbairn","54","Y","N",1,0,2019,12,2019
"1112","10","2019-11-21","HOU","IND","W 20-17","Ka'imi Fairbairn","35","Y","N",1,0,2019,11,2019
"1212","11","2019-11-21","HOU","IND","W 20-17","Ka'imi Fairbairn","36","Y","N",1,0,2019,11,2019
"1312","12","2019-11-17","HOU","BAL","L 7-41","Ka'imi Fairbairn","43","N","N",0,0,2019,11,2019
"1412","13","2019-11-03","HOU","JAX","W 26-3","Ka'imi Fairbairn","42","Y","N",1,0,2019,11,2019
"1512","14","2019-11-03","HOU","JAX","W 26-3","Ka'imi Fairbairn","58","N","N",0,0,2019,11,2019
"1612","15","2019-11-03","HOU","JAX","W 26-3","Ka'imi Fairbairn","52","Y","N",1,0,2019,11,2019
"1712","16","2019-10-27","HOU","OAK","W 27-24","Ka'imi Fairbairn","40","Y","N",1,0,2019,10,2019
"1812","17","2019-10-27","HOU","OAK","W 27-24","Ka'imi Fairbairn","33","Y","N",1,0,2019,10,2019
"1912","18","2019-10-20","HOU","IND","L 23-30","Ka'imi Fairbairn","31","Y","N",1,0,2019,10,2019
"2012","19","2019-10-20","HOU","IND","L 23-30","Ka'imi Fairbairn","47","Y","N",1,0,2019,10,2019
"2116","20","2019-10-20","HOU","IND","L 23-30","Ka'imi Fairbairn","26","Y","N",1,0,2019,10,2019
"2214","21","2019-10-13","HOU","KAN","W 31-24","Ka'imi Fairbairn","46","N","N",0,0,2019,10,2019
"2312","22","2019-10-13","HOU","KAN","W 31-24","Ka'imi Fairbairn","44","Y","N",1,0,2019,10,2019
"2412","23","2019-10-06","HOU","ATL","W 53-32","Ka'imi Fairbairn","50","Y","N",1,0,2019,10,2019
"2512","24","2019-10-06","HOU","ATL","W 53-32","Ka'imi Fairbairn","26","Y","N",1,0,2019,10,2019
"2611","25","2019-09-29","HOU","CAR","L 10-16","Ka'imi Fairbairn","37","Y","N",1,0,2019,9,2019
"2711","26","2019-09-29","HOU","CAR","L 10-16","Ka'imi Fairbairn","52","N","N",0,0,2019,9,2019
"2811","27","2019-09-22","HOU","LAC","W 27-20","Ka'imi Fairbairn","56","N","N",0,0,2019,9,2019
"2911","28","2019-09-15","HOU","JAX","W 13-12","Ka'imi Fairbairn","39","Y","N",1,0,2019,9,2019
"3010","29","2019-09-15","HOU","JAX","W 13-12","Ka'imi Fairbairn","22","Y","N",1,0,2019,9,2019
"270","1","2019-12-29","IND","JAX","L 20-38","Chase McLaughlin","20","Y","N",1,0,2019,12,2019
"338","2","2019-12-29","IND","JAX","L 20-38","Chase McLaughlin","50","Y","N",1,0,2019,12,2019
"415","3","2019-12-22","IND","CAR","W 38-6","Chase McLaughlin","35","Y","N",1,0,2019,12,2019
"513","4","2019-12-08","IND","TAM","L 35-38","Chase McLaughlin","19","Y","N",1,0,2019,12,2019
"613","5","2019-12-08","IND","TAM","L 35-38","Chase McLaughlin","50","Y","N",1,0,2019,12,2019
"713","6","2019-12-08","IND","TAM","L 35-38","Chase McLaughlin","47","N","N",0,0,2019,12,2019
"813","7","2019-12-01","IND","TEN","L 17-31","Adam Vinatieri","46","N","Y",0,1,2019,12,2019
"913","8","2019-12-01","IND","TEN","L 17-31","Adam Vinatieri","55","N","N",0,0,2019,12,2019
"1013","9","2019-12-01","IND","TEN","L 17-31","Adam Vinatieri","28","Y","N",1,0,2019,12,2019
"1113","10","2019-12-01","IND","TEN","L 17-31","Adam Vinatieri","53","N","Y",0,1,2019,12,2019
"1213","11","2019-11-21","IND","HOU","L 17-20","Adam Vinatieri","36","Y","N",1,0,2019,11,2019
"1313","12","2019-11-17","IND","JAX","W 33-13","Adam Vinatieri","34","Y","N",1,0,2019,11,2019
"1413","13","2019-11-10","IND","MIA","L 12-16","Adam Vinatieri","39","Y","N",1,0,2019,11,2019
"1513","14","2019-11-10","IND","MIA","L 12-16","Adam Vinatieri","25","Y","N",1,0,2019,11,2019
"1613","15","2019-11-03","IND","PIT","L 24-26","Adam Vinatieri","43","N","N",0,0,2019,11,2019
"1713","16","2019-11-03","IND","PIT","L 24-26","Adam Vinatieri","25","Y","N",1,0,2019,11,2019
"1813","17","2019-10-27","IND","DEN","W 15-13","Adam Vinatieri","45","Y","N",1,0,2019,10,2019
"1913","18","2019-10-27","IND","DEN","W 15-13","Adam Vinatieri","55","Y","N",1,0,2019,10,2019
"2013","19","2019-10-27","IND","DEN","W 15-13","Adam Vinatieri","51","Y","N",1,0,2019,10,2019
"2117","20","2019-10-27","IND","DEN","W 15-13","Adam Vinatieri","45","N","N",0,0,2019,10,2019
"2215","21","2019-10-06","IND","KAN","W 19-13","Adam Vinatieri","32","Y","N",1,0,2019,10,2019
"2313","22","2019-10-06","IND","KAN","W 19-13","Adam Vinatieri","29","Y","N",1,0,2019,10,2019
"2413","23","2019-10-06","IND","KAN","W 19-13","Adam Vinatieri","32","Y","N",1,0,2019,10,2019
"2513","24","2019-10-06","IND","KAN","W 19-13","Adam Vinatieri","31","Y","N",1,0,2019,10,2019
"2612","25","2019-09-29","IND","OAK","L 24-31","Adam Vinatieri","26","Y","N",1,0,2019,9,2019
"2712","26","2019-09-29","IND","OAK","L 24-31","Adam Vinatieri","57","N","N",0,0,2019,9,2019
"2812","27","2019-09-22","IND","ATL","W 27-24","Adam Vinatieri","21","Y","N",1,0,2019,9,2019
"2912","28","2019-09-22","IND","ATL","W 27-24","Adam Vinatieri","49","Y","N",1,0,2019,9,2019
"3011","29","2019-09-08","IND","LAC","L 24-30","Adam Vinatieri","46","N","N",0,0,2019,9,2019
"3114","30","2019-09-08","IND","LAC","L 24-30","Adam Vinatieri","29","N","N",0,0,2019,9,2019
"3211","31","2019-09-08","IND","LAC","L 24-30","Adam Vinatieri","44","Y","N",1,0,2019,9,2019
"280","1","2019-12-29","JAX","IND","W 38-20","Josh Lambo","53","Y","N",1,0,2019,12,2019
"339","2","2019-12-29","JAX","IND","W 38-20","Josh Lambo","20","Y","N",1,0,2019,12,2019
"416","3","2019-12-29","JAX","IND","W 38-20","Josh Lambo","56","Y","N",1,0,2019,12,2019
"514","4","2019-12-22","JAX","ATL","L 12-24","Josh Lambo","40","Y","N",1,0,2019,12,2019
"614","5","2019-12-22","JAX","ATL","L 12-24","Josh Lambo","27","Y","N",1,0,2019,12,2019
"714","6","2019-12-15","JAX","OAK","W 20-16","Josh Lambo","43","Y","N",1,0,2019,12,2019
"814","7","2019-12-15","JAX","OAK","W 20-16","Josh Lambo","28","Y","N",1,0,2019,12,2019
"914","8","2019-12-08","JAX","LAC","L 10-45","Josh Lambo","26","Y","N",1,0,2019,12,2019
"1014","9","2019-12-01","JAX","TAM","L 11-28","Josh Lambo","53","Y","N",1,0,2019,12,2019
"1114","10","2019-11-24","JAX","TEN","L 20-42","Josh Lambo","50","Y","N",1,0,2019,11,2019
"1214","11","2019-11-24","JAX","TEN","L 20-42","Josh Lambo","49","Y","N",1,0,2019,11,2019
"1314","12","2019-11-17","JAX","IND","L 13-33","Josh Lambo","46","N","N",0,0,2019,11,2019
"1414","13","2019-11-03","JAX","HOU","L 3-26","Josh Lambo","30","Y","N",1,0,2019,11,2019
"1514","14","2019-10-27","JAX","NYJ","W 29-15","Josh Lambo","29","Y","N",1,0,2019,10,2019
"1614","15","2019-10-27","JAX","NYJ","W 29-15","Josh Lambo","24","Y","N",1,0,2019,10,2019
"1714","16","2019-10-27","JAX","NYJ","W 29-15","Josh Lambo","43","Y","N",1,0,2019,10,2019
"1814","17","2019-10-20","JAX","CIN","W 27-17","Josh Lambo","37","Y","N",1,0,2019,10,2019
"1914","18","2019-10-20","JAX","CIN","W 27-17","Josh Lambo","29","Y","N",1,0,2019,10,2019
"2014","19","2019-10-20","JAX","CIN","W 27-17","Josh Lambo","26","Y","N",1,0,2019,10,2019
"2118","20","2019-10-20","JAX","CIN","W 27-17","Josh Lambo","21","Y","N",1,0,2019,10,2019
"2216","21","2019-10-13","JAX","NOR","L 6-13","Josh Lambo","32","Y","N",1,0,2019,10,2019
"2314","22","2019-10-13","JAX","NOR","L 6-13","Josh Lambo","22","Y","N",1,0,2019,10,2019
"2414","23","2019-10-06","JAX","CAR","L 27-34","Josh Lambo","35","Y","N",1,0,2019,10,2019
"2514","24","2019-10-06","JAX","CAR","L 27-34","Josh Lambo","38","Y","N",1,0,2019,10,2019
"2613","25","2019-09-29","JAX","DEN","W 26-24","Josh Lambo","34","Y","N",1,0,2019,9,2019
"2713","26","2019-09-29","JAX","DEN","W 26-24","Josh Lambo","40","Y","N",1,0,2019,9,2019
"2813","27","2019-09-29","JAX","DEN","W 26-24","Josh Lambo","33","Y","N",1,0,2019,9,2019
"2913","28","2019-09-29","JAX","DEN","W 26-24","Josh Lambo","25","Y","N",1,0,2019,9,2019
"3012","29","2019-09-19","JAX","TEN","W 20-7","Josh Lambo","48","Y","N",1,0,2019,9,2019
"3115","30","2019-09-19","JAX","TEN","W 20-7","Josh Lambo","40","Y","N",1,0,2019,9,2019
"3212","31","2019-09-15","JAX","HOU","L 12-13","Josh Lambo","40","Y","N",1,0,2019,9,2019
"3310","32","2019-09-15","JAX","HOU","L 12-13","Josh Lambo","32","Y","N",1,0,2019,9,2019
"344","33","2019-09-08","JAX","KAN","L 26-40","Josh Lambo","37","Y","N",1,0,2019,9,2019
"354","34","2019-09-08","JAX","KAN","L 26-40","Josh Lambo","23","Y","N",1,0,2019,9,2019
"290","1","2020-02-02","KAN","SFO","W 31-20","Harrison Butker","31","Y","N",1,0,2020,2,2019
"340","2","2020-01-12","KAN","HOU","W 51-31","Harrison Butker","24","Y","N",1,0,2020,1,2019
"417","3","2019-12-29","KAN","LAC","W 31-21","Harrison Butker","40","Y","N",1,0,2019,12,2019
"515","4","2019-12-22","KAN","CHI","W 26-3","Harrison Butker","32","Y","N",1,0,2019,12,2019
"615","5","2019-12-22","KAN","CHI","W 26-3","Harrison Butker","56","Y","N",1,0,2019,12,2019
"715","6","2019-12-15","KAN","DEN","W 23-3","Harrison Butker","23","Y","N",1,0,2019,12,2019
"815","7","2019-12-15","KAN","DEN","W 23-3","Harrison Butker","44","Y","N",1,0,2019,12,2019
"915","8","2019-12-15","KAN","DEN","W 23-3","Harrison Butker","24","Y","N",1,0,2019,12,2019
"1015","9","2019-12-08","KAN","NWE","W 23-16","Harrison Butker","48","Y","N",1,0,2019,12,2019
"1115","10","2019-12-08","KAN","NWE","W 23-16","Harrison Butker","41","Y","N",1,0,2019,12,2019
"1215","11","2019-12-08","KAN","NWE","W 23-16","Harrison Butker","31","Y","N",1,0,2019,12,2019
"1315","12","2019-12-01","KAN","OAK","W 40-9","Harrison Butker","50","Y","N",1,0,2019,12,2019
"1415","13","2019-11-18","KAN","LAC","W 24-17","Harrison Butker","41","Y","N",1,0,2019,11,2019
"1515","14","2019-11-10","KAN","TEN","L 32-35","Harrison Butker","43","Y","N",1,0,2019,11,2019
"1615","15","2019-11-10","KAN","TEN","L 32-35","Harrison Butker","52","N","Y",0,1,2019,11,2019
"1715","16","2019-11-10","KAN","TEN","L 32-35","Harrison Butker","41","Y","N",1,0,2019,11,2019
"1815","17","2019-11-10","KAN","TEN","L 32-35","Harrison Butker","39","Y","N",1,0,2019,11,2019
"1915","18","2019-11-10","KAN","TEN","L 32-35","Harrison Butker","30","Y","N",1,0,2019,11,2019
"2015","19","2019-11-03","KAN","MIN","W 26-23","Harrison Butker","44","Y","N",1,0,2019,11,2019
"2119","20","2019-11-03","KAN","MIN","W 26-23","Harrison Butker","24","Y","N",1,0,2019,11,2019
"2217","21","2019-11-03","KAN","MIN","W 26-23","Harrison Butker","54","Y","N",1,0,2019,11,2019
"2315","22","2019-11-03","KAN","MIN","W 26-23","Harrison Butker","45","Y","N",1,0,2019,11,2019
"2415","23","2019-10-27","KAN","GNB","L 24-31","Harrison Butker","50","N","N",0,0,2019,10,2019
"2515","24","2019-10-27","KAN","GNB","L 24-31","Harrison Butker","28","Y","N",1,0,2019,10,2019
"2614","25","2019-10-17","KAN","DEN","W 30-6","Harrison Butker","33","Y","N",1,0,2019,10,2019
"2714","26","2019-10-17","KAN","DEN","W 30-6","Harrison Butker","39","Y","N",1,0,2019,10,2019
"2814","27","2019-10-17","KAN","DEN","W 30-6","Harrison Butker","20","Y","N",1,0,2019,10,2019
"2914","28","2019-10-13","KAN","HOU","L 24-31","Harrison Butker","50","N","N",0,0,2019,10,2019
"3013","29","2019-10-13","KAN","HOU","L 24-31","Harrison Butker","41","Y","N",1,0,2019,10,2019
"3116","30","2019-10-06","KAN","IND","L 13-19","Harrison Butker","36","Y","N",1,0,2019,10,2019
"3213","31","2019-10-06","KAN","IND","L 13-19","Harrison Butker","29","Y","N",1,0,2019,10,2019
"3311","32","2019-09-29","KAN","DET","W 34-30","Harrison Butker","44","Y","N",1,0,2019,9,2019
"345","33","2019-09-29","KAN","DET","W 34-30","Harrison Butker","23","Y","N",1,0,2019,9,2019
"355","34","2019-09-29","KAN","DET","W 34-30","Harrison Butker","36","N","N",0,0,2019,9,2019
"363","35","2019-09-22","KAN","BAL","W 33-28","Harrison Butker","36","Y","N",1,0,2019,9,2019
"372","36","2019-09-22","KAN","BAL","W 33-28","Harrison Butker","42","Y","N",1,0,2019,9,2019
"382","37","2019-09-08","KAN","JAX","W 40-26","Harrison Butker","28","Y","N",1,0,2019,9,2019
"392","38","2019-09-08","KAN","JAX","W 40-26","Harrison Butker","46","Y","N",1,0,2019,9,2019
"402","39","2019-09-08","KAN","JAX","W 40-26","Harrison Butker","25","Y","N",1,0,2019,9,2019
"418","40","2019-09-08","KAN","JAX","W 40-26","Harrison Butker","35","Y","N",1,0,2019,9,2019
"2100","1","2019-12-22","LAC","OAK","L 17-24","Michael Badgley","27","Y","N",1,0,2019,12,2019
"346","2","2019-12-15","LAC","MIN","L 10-39","Michael Badgley","41","Y","N",1,0,2019,12,2019
"419","3","2019-12-08","LAC","JAX","W 45-10","Michael Badgley","40","Y","N",1,0,2019,12,2019
"516","4","2019-12-01","LAC","DEN","L 20-23","Michael Badgley","55","N","N",0,0,2019,12,2019
"616","5","2019-12-01","LAC","DEN","L 20-23","Michael Badgley","30","Y","N",1,0,2019,12,2019
"716","6","2019-12-01","LAC","DEN","L 20-23","Michael Badgley","46","Y","N",1,0,2019,12,2019
"816","7","2019-11-18","LAC","KAN","L 17-24","Michael Badgley","27","Y","N",1,0,2019,11,2019
"916","8","2019-11-18","LAC","KAN","L 17-24","Michael Badgley","26","Y","N",1,0,2019,11,2019
"1016","9","2019-11-18","LAC","KAN","L 17-24","Michael Badgley","40","N","N",0,0,2019,11,2019
"1116","10","2019-11-18","LAC","KAN","L 17-24","Michael Badgley","49","Y","N",1,0,2019,11,2019
"1216","11","2019-11-07","LAC","OAK","L 24-26","Michael Badgley","27","Y","N",1,0,2019,11,2019
"1316","12","2019-11-03","LAC","GNB","W 26-11","Michael Badgley","43","Y","N",1,0,2019,11,2019
"1416","13","2019-11-03","LAC","GNB","W 26-11","Michael Badgley","29","Y","N",1,0,2019,11,2019
"1516","14","2019-11-03","LAC","GNB","W 26-11","Michael Badgley","34","Y","N",1,0,2019,11,2019
"1616","15","2019-11-03","LAC","GNB","W 26-11","Michael Badgley","44","N","N",0,0,2019,11,2019
"1716","16","2019-11-03","LAC","GNB","W 26-11","Michael Badgley","40","Y","N",1,0,2019,11,2019
"1816","17","2019-10-27","LAC","CHI","W 17-16","Chase McLaughlin","20","Y","N",1,0,2019,10,2019
"1916","18","2019-10-27","LAC","CHI","W 17-16","Chase McLaughlin","42","N","N",0,0,2019,10,2019
"2016","19","2019-10-20","LAC","TEN","L 20-23","Chase McLaughlin","50","Y","N",1,0,2019,10,2019
"2120","20","2019-10-20","LAC","TEN","L 20-23","Chase McLaughlin","29","Y","N",1,0,2019,10,2019
"2218","21","2019-10-13","LAC","PIT","L 17-24","Chase McLaughlin","38","Y","N",1,0,2019,10,2019
"2316","22","2019-10-13","LAC","PIT","L 17-24","Chase McLaughlin","43","N","N",0,0,2019,10,2019
"2416","23","2019-10-06","LAC","DEN","L 13-20","Chase McLaughlin","45","Y","N",1,0,2019,10,2019
"2516","24","2019-10-06","LAC","DEN","L 13-20","Chase McLaughlin","48","N","Y",0,1,2019,10,2019
"2615","25","2019-10-06","LAC","DEN","L 13-20","Chase McLaughlin","32","Y","N",1,0,2019,10,2019
"2715","26","2019-09-29","LAC","MIA","W 30-10","Ty Long","51","Y","N",1,0,2019,9,2019
"2815","27","2019-09-29","LAC","MIA","W 30-10","Ty Long","45","Y","N",1,0,2019,9,2019
"2915","28","2019-09-29","LAC","MIA","W 30-10","Ty Long","44","Y","N",1,0,2019,9,2019
"3014","29","2019-09-22","LAC","HOU","L 20-27","Ty Long","43","Y","N",1,0,2019,9,2019
"3117","30","2019-09-22","LAC","HOU","L 20-27","Ty Long","34","Y","N",1,0,2019,9,2019
"3214","31","2019-09-15","LAC","DET","L 10-13","Ty Long","39","N","N",0,0,2019,9,2019
"3312","32","2019-09-15","LAC","DET","L 10-13","Ty Long","39","Y","N",1,0,2019,9,2019
"347","33","2019-09-15","LAC","DET","L 10-13","Ty Long","41","N","N",0,0,2019,9,2019
"356","34","2019-09-08","LAC","IND","W 30-24","Ty Long","40","Y","N",1,0,2019,9,2019
"2101","1","2019-12-29","LAR","ARI","W 31-24","Greg Zuerlein","47","N","N",0,0,2019,12,2019
"348","2","2019-12-29","LAR","ARI","W 31-24","Greg Zuerlein","47","Y","N",1,0,2019,12,2019
"420","3","2019-12-21","LAR","SFO","L 31-34","Greg Zuerlein","52","N","N",0,0,2019,12,2019
"517","4","2019-12-21","LAR","SFO","L 31-34","Greg Zuerlein","52","Y","N",1,0,2019,12,2019
"617","5","2019-12-08","LAR","SEA","W 28-12","Greg Zuerlein","37","N","Y",0,1,2019,12,2019
"717","6","2019-12-01","LAR","ARI","W 34-7","Greg Zuerlein","41","N","N",0,0,2019,12,2019
"817","7","2019-12-01","LAR","ARI","W 34-7","Greg Zuerlein","27","Y","N",1,0,2019,12,2019
"917","8","2019-12-01","LAR","ARI","W 34-7","Greg Zuerlein","33","Y","N",1,0,2019,12,2019
"1017","9","2019-11-25","LAR","BAL","L 6-45","Greg Zuerlein","46","Y","N",1,0,2019,11,2019
"1117","10","2019-11-25","LAR","BAL","L 6-45","Greg Zuerlein","32","Y","N",1,0,2019,11,2019
"1217","11","2019-11-17","LAR","CHI","W 17-7","Greg Zuerlein","38","Y","N",1,0,2019,11,2019
"1317","12","2019-11-10","LAR","PIT","L 12-17","Greg Zuerlein","30","Y","N",1,0,2019,11,2019
"1417","13","2019-11-10","LAR","PIT","L 12-17","Greg Zuerlein","56","N","N",0,0,2019,11,2019
"1517","14","2019-10-27","LAR","CIN","W 24-10","Greg Zuerlein","23","Y","N",1,0,2019,10,2019
"1617","15","2019-10-20","LAR","ATL","W 37-10","Greg Zuerlein","55","Y","N",1,0,2019,10,2019
"1717","16","2019-10-20","LAR","ATL","W 37-10","Greg Zuerlein","20","Y","N",1,0,2019,10,2019
"1817","17","2019-10-20","LAR","ATL","W 37-10","Greg Zuerlein","40","N","N",0,0,2019,10,2019
"1917","18","2019-10-20","LAR","ATL","W 37-10","Greg Zuerlein","25","Y","N",1,0,2019,10,2019
"2017","19","2019-10-03","LAR","SEA","L 29-30","Greg Zuerlein","36","Y","N",1,0,2019,10,2019
"2121","20","2019-10-03","LAR","SEA","L 29-30","Greg Zuerlein","32","Y","N",1,0,2019,10,2019
"2219","21","2019-10-03","LAR","SEA","L 29-30","Greg Zuerlein","44","N","N",0,0,2019,10,2019
"2317","22","2019-10-03","LAR","SEA","L 29-30","Greg Zuerlein","47","Y","N",1,0,2019,10,2019
"2417","23","2019-09-29","LAR","TAM","L 40-55","Greg Zuerlein","44","Y","N",1,0,2019,9,2019
"2517","24","2019-09-29","LAR","TAM","L 40-55","Greg Zuerlein","58","Y","N",1,0,2019,9,2019
"2616","25","2019-09-22","LAR","CLE","W 20-13","Greg Zuerlein","37","Y","N",1,0,2019,9,2019
"2716","26","2019-09-22","LAR","CLE","W 20-13","Greg Zuerlein","48","N","N",0,0,2019,9,2019
"2816","27","2019-09-22","LAR","CLE","W 20-13","Greg Zuerlein","53","Y","N",1,0,2019,9,2019
"2916","28","2019-09-15","LAR","NOR","W 27-9","Greg Zuerlein","22","Y","N",1,0,2019,9,2019
"3015","29","2019-09-15","LAR","NOR","W 27-9","Greg Zuerlein","24","Y","N",1,0,2019,9,2019
"3118","30","2019-09-08","LAR","CAR","W 30-27","Greg Zuerlein","49","Y","N",1,0,2019,9,2019
"3215","31","2019-09-08","LAR","CAR","W 30-27","Greg Zuerlein","27","Y","N",1,0,2019,9,2019
"3313","32","2019-09-08","LAR","CAR","W 30-27","Greg Zuerlein","56","Y","N",1,0,2019,9,2019
"349","33","2019-09-08","LAR","CAR","W 30-27","Greg Zuerlein","41","N","N",0,0,2019,9,2019
"2102","1","2019-12-29","MIA","NWE","W 27-24","Jason Sanders","32","Y","N",1,0,2019,12,2019
"350","2","2019-12-29","MIA","NWE","W 27-24","Jason Sanders","27","Y","N",1,0,2019,12,2019
"421","3","2019-12-22","MIA","CIN","W 38-35","Jason Sanders","47","N","N",0,0,2019,12,2019
"518","4","2019-12-22","MIA","CIN","W 38-35","Jason Sanders","37","Y","N",1,0,2019,12,2019
"618","5","2019-12-15","MIA","NYG","L 20-36","Jason Sanders","24","Y","N",1,0,2019,12,2019
"718","6","2019-12-15","MIA","NYG","L 20-36","Jason Sanders","49","N","N",0,0,2019,12,2019
"818","7","2019-12-15","MIA","NYG","L 20-36","Jason Sanders","47","Y","N",1,0,2019,12,2019
"918","8","2019-12-08","MIA","NYJ","L 21-22","Jason Sanders","25","Y","N",1,0,2019,12,2019
"1018","9","2019-12-08","MIA","NYJ","L 21-22","Jason Sanders","47","Y","N",1,0,2019,12,2019
"1118","10","2019-12-08","MIA","NYJ","L 21-22","Jason Sanders","31","Y","N",1,0,2019,12,2019
"1218","11","2019-12-08","MIA","NYJ","L 21-22","Jason Sanders","22","Y","N",1,0,2019,12,2019
"1318","12","2019-12-08","MIA","NYJ","L 21-22","Jason Sanders","53","Y","N",1,0,2019,12,2019
"1418","13","2019-12-08","MIA","NYJ","L 21-22","Jason Sanders","28","Y","N",1,0,2019,12,2019
"1518","14","2019-12-08","MIA","NYJ","L 21-22","Jason Sanders","37","Y","N",1,0,2019,12,2019
"1618","15","2019-12-08","MIA","NYJ","L 21-22","Jason Sanders","34","N","N",0,0,2019,12,2019
"1718","16","2019-12-01","MIA","PHI","W 37-31","Jason Sanders","51","Y","N",1,0,2019,12,2019
"1818","17","2019-11-24","MIA","CLE","L 24-41","Jason Sanders","36","Y","N",1,0,2019,11,2019
"1918","18","2019-11-10","MIA","IND","W 16-12","Jason Sanders","47","Y","N",1,0,2019,11,2019
"2018","19","2019-11-10","MIA","IND","W 16-12","Jason Sanders","48","Y","N",1,0,2019,11,2019
"2122","20","2019-11-10","MIA","IND","W 16-12","Jason Sanders","48","Y","N",1,0,2019,11,2019
"2220","21","2019-11-03","MIA","NYJ","W 26-18","Jason Sanders","49","N","N",0,0,2019,11,2019
"2318","22","2019-11-03","MIA","NYJ","W 26-18","Jason Sanders","26","Y","N",1,0,2019,11,2019
"2418","23","2019-10-13","MIA","WAS","L 16-17","Jason Sanders","39","Y","N",1,0,2019,10,2019
"2518","24","2019-09-29","MIA","LAC","L 10-30","Jason Sanders","50","N","N",0,0,2019,9,2019
"2617","25","2019-09-29","MIA","LAC","L 10-30","Jason Sanders","30","Y","N",1,0,2019,9,2019
"2717","26","2019-09-29","MIA","LAC","L 10-30","Jason Sanders","52","N","N",0,0,2019,9,2019
"2817","27","2019-09-22","MIA","DAL","L 6-31","Jason Sanders","22","Y","N",1,0,2019,9,2019
"2917","28","2019-09-22","MIA","DAL","L 6-31","Jason Sanders","47","N","N",0,0,2019,9,2019
"3016","29","2019-09-22","MIA","DAL","L 6-31","Jason Sanders","33","Y","N",1,0,2019,9,2019
"3119","30","2019-09-08","MIA","BAL","L 10-59","Jason Sanders","54","Y","N",1,0,2019,9,2019
"2103","1","2020-01-11","MIN","SFO","L 10-27","Dan Bailey","39","Y","N",1,0,2020,1,2019
"357","2","2020-01-05","MIN","NOR","W 26-20","Dan Bailey","43","Y","N",1,0,2020,1,2019
"422","3","2020-01-05","MIN","NOR","W 26-20","Dan Bailey","21","Y","N",1,0,2020,1,2019
"519","4","2019-12-29","MIN","CHI","L 19-21","Dan Bailey","38","Y","N",1,0,2019,12,2019
"619","5","2019-12-29","MIN","CHI","L 19-21","Dan Bailey","34","Y","N",1,0,2019,12,2019
"719","6","2019-12-29","MIN","CHI","L 19-21","Dan Bailey","37","Y","N",1,0,2019,12,2019
"819","7","2019-12-29","MIN","CHI","L 19-21","Dan Bailey","39","Y","N",1,0,2019,12,2019
"919","8","2019-12-23","MIN","GNB","L 10-23","Dan Bailey","23","Y","N",1,0,2019,12,2019
"1019","9","2019-12-15","MIN","LAC","W 39-10","Dan Bailey","44","Y","N",1,0,2019,12,2019
"1119","10","2019-12-15","MIN","LAC","W 39-10","Dan Bailey","27","Y","N",1,0,2019,12,2019
"1219","11","2019-12-15","MIN","LAC","W 39-10","Dan Bailey","26","Y","N",1,0,2019,12,2019
"1319","12","2019-12-15","MIN","LAC","W 39-10","Dan Bailey","38","Y","N",1,0,2019,12,2019
"1419","13","2019-12-08","MIN","DET","W 20-7","Dan Bailey","27","Y","N",1,0,2019,12,2019
"1519","14","2019-12-08","MIN","DET","W 20-7","Dan Bailey","50","Y","N",1,0,2019,12,2019
"1619","15","2019-12-02","MIN","SEA","L 30-37","Dan Bailey","47","Y","N",1,0,2019,12,2019
"1719","16","2019-11-10","MIN","DAL","W 28-24","Dan Bailey","27","Y","N",1,0,2019,11,2019
"1819","17","2019-11-10","MIN","DAL","W 28-24","Dan Bailey","26","Y","N",1,0,2019,11,2019
"1919","18","2019-11-03","MIN","KAN","L 23-26","Dan Bailey","29","Y","N",1,0,2019,11,2019
"2019","19","2019-10-24","MIN","WAS","W 19-9","Dan Bailey","40","Y","N",1,0,2019,10,2019
"2123","20","2019-10-24","MIN","WAS","W 19-9","Dan Bailey","50","Y","N",1,0,2019,10,2019
"2221","21","2019-10-24","MIN","WAS","W 19-9","Dan Bailey","27","Y","N",1,0,2019,10,2019
"2319","22","2019-10-24","MIN","WAS","W 19-9","Dan Bailey","29","Y","N",1,0,2019,10,2019
"2419","23","2019-10-20","MIN","DET","W 42-30","Dan Bailey","45","N","N",0,0,2019,10,2019
"2519","24","2019-10-13","MIN","PHI","W 38-20","Dan Bailey","39","Y","N",1,0,2019,10,2019
"2618","25","2019-10-06","MIN","NYG","W 28-10","Dan Bailey","48","Y","N",1,0,2019,10,2019
"2718","26","2019-10-06","MIN","NYG","W 28-10","Dan Bailey","45","Y","N",1,0,2019,10,2019
"2818","27","2019-10-06","MIN","NYG","W 28-10","Dan Bailey","31","Y","N",1,0,2019,10,2019
"2918","28","2019-10-06","MIN","NYG","W 28-10","Dan Bailey","32","Y","N",1,0,2019,10,2019
"3017","29","2019-09-22","MIN","OAK","W 34-14","Dan Bailey","50","Y","N",1,0,2019,9,2019
"3120","30","2019-09-22","MIN","OAK","W 34-14","Dan Bailey","24","Y","N",1,0,2019,9,2019
"3216","31","2019-09-15","MIN","GNB","L 16-21","Dan Bailey","47","N","N",0,0,2019,9,2019
"3314","32","2019-09-15","MIN","GNB","L 16-21","Dan Bailey","31","Y","N",1,0,2019,9,2019
"2104","1","2020-01-04","NWE","TEN","L 13-20","Nick Folk","36","Y","N",1,0,2020,1,2019
"358","2","2020-01-04","NWE","TEN","L 13-20","Nick Folk","21","Y","N",1,0,2020,1,2019
"423","3","2019-12-29","NWE","MIA","L 24-27","Nick Folk","25","Y","N",1,0,2019,12,2019
"520","4","2019-12-21","NWE","BUF","W 24-17","Nick Folk","20","Y","N",1,0,2019,12,2019
"620","5","2019-12-21","NWE","BUF","W 24-17","Nick Folk","51","Y","N",1,0,2019,12,2019
"720","6","2019-12-21","NWE","BUF","W 24-17","Nick Folk","36","Y","N",1,0,2019,12,2019
"820","7","2019-12-15","NWE","CIN","W 34-13","Nick Folk","46","Y","N",1,0,2019,12,2019
"920","8","2019-12-15","NWE","CIN","W 34-13","Nick Folk","40","Y","N",1,0,2019,12,2019
"1020","9","2019-12-08","NWE","KAN","L 16-23","Nick Folk","41","N","Y",0,1,2019,12,2019
"1120","10","2019-12-08","NWE","KAN","L 16-23","Nick Folk","29","Y","N",1,0,2019,12,2019
"1220","11","2019-12-01","NWE","HOU","L 22-28","Kai Forbath","23","Y","N",1,0,2019,12,2019
"1320","12","2019-11-24","NWE","DAL","W 13-9","Nick Folk","42","Y","N",1,0,2019,11,2019
"1420","13","2019-11-24","NWE","DAL","W 13-9","Nick Folk","44","Y","N",1,0,2019,11,2019
"1520","14","2019-11-24","NWE","DAL","W 13-9","Nick Folk","48","N","N",0,0,2019,11,2019
"1620","15","2019-11-24","NWE","DAL","W 13-9","Nick Folk","46","N","N",0,0,2019,11,2019
"1720","16","2019-11-17","NWE","PHI","W 17-10","Nick Folk","35","Y","N",1,0,2019,11,2019
"1820","17","2019-11-17","NWE","PHI","W 17-10","Nick Folk","39","Y","N",1,0,2019,11,2019
"1920","18","2019-11-17","NWE","PHI","W 17-10","Nick Folk","22","Y","N",1,0,2019,11,2019
"2020","19","2019-11-03","NWE","BAL","L 20-37","Nick Folk","22","Y","N",1,0,2019,11,2019
"2124","20","2019-11-03","NWE","BAL","L 20-37","Nick Folk","19","Y","N",1,0,2019,11,2019
"2222","21","2019-10-27","NWE","CLE","W 27-13","Mike Nugent","29","N","Y",0,1,2019,10,2019
"2320","22","2019-10-27","NWE","CLE","W 27-13","Mike Nugent","34","N","N",0,0,2019,10,2019
"2420","23","2019-10-27","NWE","CLE","W 27-13","Mike Nugent","20","Y","N",1,0,2019,10,2019
"2520","24","2019-10-27","NWE","CLE","W 27-13","Mike Nugent","29","Y","N",1,0,2019,10,2019
"2619","25","2019-10-21","NWE","NYJ","W 33-0","Mike Nugent","34","Y","N",1,0,2019,10,2019
"2719","26","2019-10-10","NWE","NYG","W 35-14","Mike Nugent","40","N","N",0,0,2019,10,2019
"2819","27","2019-10-06","NWE","WAS","W 33-7","Mike Nugent","37","Y","N",1,0,2019,10,2019
"2919","28","2019-10-06","NWE","WAS","W 33-7","Mike Nugent","23","Y","N",1,0,2019,10,2019
"3018","29","2019-09-29","NWE","BUF","W 16-10","Stephen Gostkowski","23","Y","N",1,0,2019,9,2019
"3121","30","2019-09-22","NWE","NYJ","W 30-14","Stephen Gostkowski","37","Y","N",1,0,2019,9,2019
"3217","31","2019-09-15","NWE","MIA","W 43-0","Stephen Gostkowski","28","Y","N",1,0,2019,9,2019
"3315","32","2019-09-15","NWE","MIA","W 43-0","Stephen Gostkowski","48","N","N",0,0,2019,9,2019
"3410","33","2019-09-08","NWE","PIT","W 33-3","Stephen Gostkowski","25","Y","N",1,0,2019,9,2019
"359","34","2019-09-08","NWE","PIT","W 33-3","Stephen Gostkowski","35","Y","N",1,0,2019,9,2019
"364","35","2019-09-08","NWE","PIT","W 33-3","Stephen Gostkowski","41","Y","N",1,0,2019,9,2019
"373","36","2019-09-08","NWE","PIT","W 33-3","Stephen Gostkowski","39","Y","N",1,0,2019,9,2019
"2105","1","2020-01-05","NOR","MIN","L 20-26","Wil Lutz","43","N","N",0,0,2020,1,2019
"360","2","2020-01-05","NOR","MIN","L 20-26","Wil Lutz","29","Y","N",1,0,2020,1,2019
"424","3","2020-01-05","NOR","MIN","L 20-26","Wil Lutz","49","Y","N",1,0,2020,1,2019
"521","4","2019-12-22","NOR","TEN","W 38-28","Wil Lutz","47","Y","N",1,0,2019,12,2019
"621","5","2019-12-16","NOR","IND","W 34-7","Wil Lutz","26","Y","N",1,0,2019,12,2019
"721","6","2019-12-16","NOR","IND","W 34-7","Wil Lutz","33","Y","N",1,0,2019,12,2019
"821","7","2019-12-08","NOR","SFO","L 46-48","Wil Lutz","48","Y","N",1,0,2019,12,2019
"921","8","2019-12-08","NOR","SFO","L 46-48","Wil Lutz","55","Y","N",1,0,2019,12,2019
"1021","9","2019-11-28","NOR","ATL","W 26-18","Wil Lutz","42","Y","N",1,0,2019,11,2019
"1121","10","2019-11-28","NOR","ATL","W 26-18","Wil Lutz","47","Y","N",1,0,2019,11,2019
"1221","11","2019-11-28","NOR","ATL","W 26-18","Wil Lutz","45","Y","N",1,0,2019,11,2019
"1321","12","2019-11-28","NOR","ATL","W 26-18","Wil Lutz","22","Y","N",1,0,2019,11,2019
"1421","13","2019-11-24","NOR","CAR","W 34-31","Wil Lutz","33","Y","N",1,0,2019,11,2019
"1521","14","2019-11-24","NOR","CAR","W 34-31","Wil Lutz","41","Y","N",1,0,2019,11,2019
"1621","15","2019-11-17","NOR","TAM","W 34-17","Wil Lutz","26","Y","N",1,0,2019,11,2019
"1721","16","2019-11-17","NOR","TAM","W 34-17","Wil Lutz","44","Y","N",1,0,2019,11,2019
"1821","17","2019-11-10","NOR","ATL","L 9-26","Wil Lutz","47","Y","N",1,0,2019,11,2019
"1921","18","2019-11-10","NOR","ATL","L 9-26","Wil Lutz","29","Y","N",1,0,2019,11,2019
"2021","19","2019-11-10","NOR","ATL","L 9-26","Wil Lutz","28","Y","N",1,0,2019,11,2019
"2125","20","2019-10-27","NOR","ARI","W 31-9","Wil Lutz","47","N","N",0,0,2019,10,2019
"2223","21","2019-10-27","NOR","ARI","W 31-9","Wil Lutz","26","Y","N",1,0,2019,10,2019
"2321","22","2019-10-20","NOR","CHI","W 36-25","Wil Lutz","52","N","N",0,0,2019,10,2019
"2421","23","2019-10-20","NOR","CHI","W 36-25","Wil Lutz","42","N","N",0,0,2019,10,2019
"2521","24","2019-10-20","NOR","CHI","W 36-25","Wil Lutz","30","Y","N",1,0,2019,10,2019
"2620","25","2019-10-20","NOR","CHI","W 36-25","Wil Lutz","39","Y","N",1,0,2019,10,2019
"2720","26","2019-10-13","NOR","JAX","W 13-6","Wil Lutz","21","Y","N",1,0,2019,10,2019
"2820","27","2019-10-13","NOR","JAX","W 13-6","Wil Lutz","47","Y","N",1,0,2019,10,2019
"2920","28","2019-10-06","NOR","TAM","W 31-24","Wil Lutz","29","Y","N",1,0,2019,10,2019
"3019","29","2019-09-29","NOR","DAL","W 12-10","Wil Lutz","42","Y","N",1,0,2019,9,2019
"3122","30","2019-09-29","NOR","DAL","W 12-10","Wil Lutz","26","Y","N",1,0,2019,9,2019
"3218","31","2019-09-29","NOR","DAL","W 12-10","Wil Lutz","40","Y","N",1,0,2019,9,2019
"3316","32","2019-09-29","NOR","DAL","W 12-10","Wil Lutz","19","Y","N",1,0,2019,9,2019
"3411","33","2019-09-15","NOR","LAR","L 9-27","Wil Lutz","52","Y","N",1,0,2019,9,2019
"3510","34","2019-09-15","NOR","LAR","L 9-27","Wil Lutz","34","Y","N",1,0,2019,9,2019
"365","35","2019-09-15","NOR","LAR","L 9-27","Wil Lutz","42","Y","N",1,0,2019,9,2019
"374","36","2019-09-09","NOR","HOU","W 30-28","Wil Lutz","32","Y","N",1,0,2019,9,2019
"383","37","2019-09-09","NOR","HOU","W 30-28","Wil Lutz","47","Y","N",1,0,2019,9,2019
"393","38","2019-09-09","NOR","HOU","W 30-28","Wil Lutz","56","N","N",0,0,2019,9,2019
"403","39","2019-09-09","NOR","HOU","W 30-28","Wil Lutz","58","Y","N",1,0,2019,9,2019
"2106","1","2019-12-29","NYG","PHI","L 17-34","Aldrick Rosas","37","Y","N",1,0,2019,12,2019
"366","2","2019-12-22","NYG","WAS","W 41-35","Aldrick Rosas","53","N","N",0,0,2019,12,2019
"425","3","2019-12-09","NYG","PHI","L 17-23","Aldrick Rosas","34","Y","N",1,0,2019,12,2019
"522","4","2019-12-01","NYG","GNB","L 13-31","Aldrick Rosas","45","Y","N",1,0,2019,12,2019
"622","5","2019-12-01","NYG","GNB","L 13-31","Aldrick Rosas","27","Y","N",1,0,2019,12,2019
"722","6","2019-11-24","NYG","CHI","L 14-19","Aldrick Rosas","42","N","N",0,0,2019,11,2019
"822","7","2019-11-24","NYG","CHI","L 14-19","Aldrick Rosas","43","N","N",0,0,2019,11,2019
"922","8","2019-11-04","NYG","DAL","L 18-37","Aldrick Rosas","26","Y","N",1,0,2019,11,2019
"1022","9","2019-11-04","NYG","DAL","L 18-37","Aldrick Rosas","25","Y","N",1,0,2019,11,2019
"1122","10","2019-11-04","NYG","DAL","L 18-37","Aldrick Rosas","29","Y","N",1,0,2019,11,2019
"1222","11","2019-11-04","NYG","DAL","L 18-37","Aldrick Rosas","21","Y","N",1,0,2019,11,2019
"1322","12","2019-10-20","NYG","ARI","L 21-27","Aldrick Rosas","37","N","N",0,0,2019,10,2019
"1422","13","2019-10-06","NYG","MIN","L 10-28","Aldrick Rosas","32","Y","N",1,0,2019,10,2019
"1522","14","2019-09-29","NYG","WAS","W 24-3","Aldrick Rosas","30","Y","N",1,0,2019,9,2019
"1622","15","2019-09-22","NYG","TAM","W 32-31","Aldrick Rosas","36","Y","N",1,0,2019,9,2019
"1722","16","2019-09-15","NYG","BUF","L 14-28","Aldrick Rosas","48","N","N",0,0,2019,9,2019
"1822","17","2019-09-08","NYG","DAL","L 17-35","Aldrick Rosas","28","Y","N",1,0,2019,9,2019
"2107","1","2019-12-29","NYJ","BUF","W 13-6","Sam Ficken","51","N","N",0,0,2019,12,2019
"367","2","2019-12-29","NYJ","BUF","W 13-6","Sam Ficken","34","N","N",0,0,2019,12,2019
"426","3","2019-12-29","NYJ","BUF","W 13-6","Sam Ficken","30","Y","N",1,0,2019,12,2019
"523","4","2019-12-29","NYJ","BUF","W 13-6","Sam Ficken","47","Y","N",1,0,2019,12,2019
"623","5","2019-12-22","NYJ","PIT","W 16-10","Sam Ficken","54","Y","N",1,0,2019,12,2019
"723","6","2019-12-22","NYJ","PIT","W 16-10","Sam Ficken","42","Y","N",1,0,2019,12,2019
"823","7","2019-12-22","NYJ","PIT","W 16-10","Sam Ficken","37","Y","N",1,0,2019,12,2019
"923","8","2019-12-12","NYJ","BAL","L 21-42","Sam Ficken","49","N","Y",0,1,2019,12,2019
"1023","9","2019-12-08","NYJ","MIA","W 22-21","Sam Ficken","42","Y","N",1,0,2019,12,2019
"1123","10","2019-12-08","NYJ","MIA","W 22-21","Sam Ficken","37","Y","N",1,0,2019,12,2019
"1223","11","2019-12-08","NYJ","MIA","W 22-21","Sam Ficken","44","Y","N",1,0,2019,12,2019
"1323","12","2019-12-01","NYJ","CIN","L 6-22","Sam Ficken","39","Y","N",1,0,2019,12,2019
"1423","13","2019-12-01","NYJ","CIN","L 6-22","Sam Ficken","42","Y","N",1,0,2019,12,2019
"1523","14","2019-11-24","NYJ","OAK","W 34-3","Sam Ficken","35","Y","N",1,0,2019,11,2019
"1623","15","2019-11-24","NYJ","OAK","W 34-3","Sam Ficken","24","Y","N",1,0,2019,11,2019
"1723","16","2019-11-24","NYJ","OAK","W 34-3","Sam Ficken","48","N","N",0,0,2019,11,2019
"1823","17","2019-11-17","NYJ","WAS","W 34-17","Sam Ficken","49","N","N",0,0,2019,11,2019
"1922","18","2019-11-10","NYJ","NYG","W 34-27","Sam Ficken","54","N","N",0,0,2019,11,2019
"2022","19","2019-11-10","NYJ","NYG","W 34-27","Sam Ficken","35","Y","N",1,0,2019,11,2019
"2126","20","2019-11-10","NYJ","NYG","W 34-27","Sam Ficken","53","Y","N",1,0,2019,11,2019
"2224","21","2019-11-03","NYJ","MIA","L 18-26","Sam Ficken","52","Y","N",1,0,2019,11,2019
"2322","22","2019-11-03","NYJ","MIA","L 18-26","Sam Ficken","29","Y","N",1,0,2019,11,2019
"2422","23","2019-11-03","NYJ","MIA","L 18-26","Sam Ficken","49","N","N",0,0,2019,11,2019
"2522","24","2019-11-03","NYJ","MIA","L 18-26","Sam Ficken","40","Y","N",1,0,2019,11,2019
"2621","25","2019-10-13","NYJ","DAL","W 24-22","Sam Ficken","38","Y","N",1,0,2019,10,2019
"2721","26","2019-10-06","NYJ","PHI","L 6-31","Sam Ficken","55","N","N",0,0,2019,10,2019
"2821","27","2019-09-16","NYJ","CLE","L 3-23","Sam Ficken","46","Y","N",1,0,2019,9,2019
"2921","28","2019-09-08","NYJ","BUF","L 16-17","Kaare Vedvik","45","N","N",0,0,2019,9,2019
"2108","1","2019-12-29","OAK","DEN","L 15-16","Daniel Carlson","33","Y","N",1,0,2019,12,2019
"368","2","2019-12-29","OAK","DEN","L 15-16","Daniel Carlson","23","Y","N",1,0,2019,12,2019
"427","3","2019-12-29","OAK","DEN","L 15-16","Daniel Carlson","28","Y","N",1,0,2019,12,2019
"524","4","2019-12-29","OAK","DEN","L 15-16","Daniel Carlson","39","N","N",0,0,2019,12,2019
"624","5","2019-12-22","OAK","LAC","W 24-17","Daniel Carlson","48","Y","N",1,0,2019,12,2019
"724","6","2019-12-15","OAK","JAX","L 16-20","Daniel Carlson","34","Y","N",1,0,2019,12,2019
"824","7","2019-12-15","OAK","JAX","L 16-20","Daniel Carlson","45","N","N",0,0,2019,12,2019
"924","8","2019-12-15","OAK","JAX","L 16-20","Daniel Carlson","33","Y","N",1,0,2019,12,2019
"1024","9","2019-12-15","OAK","JAX","L 16-20","Daniel Carlson","27","Y","N",1,0,2019,12,2019
"1124","10","2019-12-01","OAK","KAN","L 9-40","Daniel Carlson","34","Y","N",1,0,2019,12,2019
"1224","11","2019-12-01","OAK","KAN","L 9-40","Daniel Carlson","44","N","N",0,0,2019,12,2019
"1324","12","2019-11-24","OAK","NYJ","L 3-34","Daniel Carlson","48","Y","N",1,0,2019,11,2019
"1424","13","2019-11-24","OAK","NYJ","L 3-34","Daniel Carlson","43","N","N",0,0,2019,11,2019
"1524","14","2019-11-17","OAK","CIN","W 17-10","Daniel Carlson","20","Y","N",1,0,2019,11,2019
"1624","15","2019-11-07","OAK","LAC","W 26-24","Daniel Carlson","22","Y","N",1,0,2019,11,2019
"1724","16","2019-11-07","OAK","LAC","W 26-24","Daniel Carlson","40","Y","N",1,0,2019,11,2019
"1824","17","2019-11-07","OAK","LAC","W 26-24","Daniel Carlson","53","N","N",0,0,2019,11,2019
"1923","18","2019-11-03","OAK","DET","W 31-24","Daniel Carlson","45","N","N",0,0,2019,11,2019
"2023","19","2019-11-03","OAK","DET","W 31-24","Daniel Carlson","32","Y","N",1,0,2019,11,2019
"2127","20","2019-10-27","OAK","HOU","L 24-27","Daniel Carlson","44","Y","N",1,0,2019,10,2019
"2225","21","2019-10-20","OAK","GNB","L 24-42","Daniel Carlson","45","Y","N",1,0,2019,10,2019
"2323","22","2019-10-06","OAK","CHI","W 24-21","Daniel Carlson","41","Y","N",1,0,2019,10,2019
"2423","23","2019-09-29","OAK","IND","W 31-24","Daniel Carlson","26","Y","N",1,0,2019,9,2019
"2523","24","2019-09-22","OAK","MIN","L 14-34","Daniel Carlson","51","N","N",0,0,2019,9,2019
"2622","25","2019-09-15","OAK","KAN","L 10-28","Daniel Carlson","29","Y","N",1,0,2019,9,2019
"2722","26","2019-09-09","OAK","DEN","W 24-16","Daniel Carlson","29","Y","N",1,0,2019,9,2019
"2109","1","2020-01-05","PHI","SEA","L 9-17","Jake Elliott","46","Y","N",1,0,2020,1,2019
"369","2","2020-01-05","PHI","SEA","L 9-17","Jake Elliott","38","Y","N",1,0,2020,1,2019
"428","3","2020-01-05","PHI","SEA","L 9-17","Jake Elliott","26","Y","N",1,0,2020,1,2019
"525","4","2019-12-29","PHI","NYG","W 34-17","Jake Elliott","31","Y","N",1,0,2019,12,2019
"625","5","2019-12-29","PHI","NYG","W 34-17","Jake Elliott","50","Y","N",1,0,2019,12,2019
"725","6","2019-12-22","PHI","DAL","W 17-9","Jake Elliott","36","Y","N",1,0,2019,12,2019
"825","7","2019-12-22","PHI","DAL","W 17-9","Jake Elliott","55","N","N",0,0,2019,12,2019
"925","8","2019-12-22","PHI","DAL","W 17-9","Jake Elliott","53","N","N",0,0,2019,12,2019
"1025","9","2019-12-15","PHI","WAS","W 37-27","Jake Elliott","25","Y","N",1,0,2019,12,2019
"1125","10","2019-12-09","PHI","NYG","W 23-17","Jake Elliott","34","Y","N",1,0,2019,12,2019
"1225","11","2019-12-09","PHI","NYG","W 23-17","Jake Elliott","47","N","N",0,0,2019,12,2019
"1325","12","2019-12-01","PHI","MIA","L 31-37","Jake Elliott","49","N","N",0,0,2019,12,2019
"1425","13","2019-12-01","PHI","MIA","L 31-37","Jake Elliott","43","Y","N",1,0,2019,12,2019
"1525","14","2019-12-01","PHI","MIA","L 31-37","Jake Elliott","37","Y","N",1,0,2019,12,2019
"1625","15","2019-12-01","PHI","MIA","L 31-37","Jake Elliott","48","Y","N",1,0,2019,12,2019
"1725","16","2019-11-24","PHI","SEA","L 9-17","Jake Elliott","28","Y","N",1,0,2019,11,2019
"1825","17","2019-11-17","PHI","NWE","L 10-17","Jake Elliott","42","Y","N",1,0,2019,11,2019
"1924","18","2019-11-03","PHI","CHI","W 22-14","Jake Elliott","28","Y","N",1,0,2019,11,2019
"2024","19","2019-11-03","PHI","CHI","W 22-14","Jake Elliott","28","Y","N",1,0,2019,11,2019
"2128","20","2019-11-03","PHI","CHI","W 22-14","Jake Elliott","38","Y","N",1,0,2019,11,2019
"2226","21","2019-10-27","PHI","BUF","W 31-13","Jake Elliott","37","Y","N",1,0,2019,10,2019
"2324","22","2019-10-20","PHI","DAL","L 10-37","Jake Elliott","38","Y","N",1,0,2019,10,2019
"2424","23","2019-10-13","PHI","MIN","L 20-38","Jake Elliott","53","Y","N",1,0,2019,10,2019
"2524","24","2019-10-13","PHI","MIN","L 20-38","Jake Elliott","40","Y","N",1,0,2019,10,2019
"2623","25","2019-10-06","PHI","NYJ","W 31-6","Jake Elliott","28","Y","N",1,0,2019,10,2019
"2723","26","2019-09-22","PHI","DET","L 24-27","Jake Elliott","25","Y","N",1,0,2019,9,2019
"2822","27","2019-09-15","PHI","ATL","L 20-24","Jake Elliott","41","Y","N",1,0,2019,9,2019
"2922","28","2019-09-15","PHI","ATL","L 20-24","Jake Elliott","34","Y","N",1,0,2019,9,2019
"3020","29","2019-09-08","PHI","WAS","W 32-27","Jake Elliott","22","Y","N",1,0,2019,9,2019
"2129","1","2019-12-29","PIT","BAL","L 10-28","Chris Boswell","26","Y","N",1,0,2019,12,2019
"370","2","2019-12-22","PIT","NYJ","L 10-16","Chris Boswell","49","Y","N",1,0,2019,12,2019
"429","3","2019-12-15","PIT","BUF","L 10-17","Chris Boswell","49","Y","N",1,0,2019,12,2019
"526","4","2019-12-08","PIT","ARI","W 23-17","Chris Boswell","37","Y","N",1,0,2019,12,2019
"626","5","2019-12-08","PIT","ARI","W 23-17","Chris Boswell","30","Y","N",1,0,2019,12,2019
"726","6","2019-12-08","PIT","ARI","W 23-17","Chris Boswell","25","Y","N",1,0,2019,12,2019
"826","7","2019-12-01","PIT","CLE","W 20-13","Chris Boswell","29","Y","N",1,0,2019,12,2019
"926","8","2019-12-01","PIT","CLE","W 20-13","Chris Boswell","39","Y","N",1,0,2019,12,2019
"1026","9","2019-11-24","PIT","CIN","W 16-10","Chris Boswell","47","Y","N",1,0,2019,11,2019
"1126","10","2019-11-24","PIT","CIN","W 16-10","Chris Boswell","26","Y","N",1,0,2019,11,2019
"1226","11","2019-11-24","PIT","CIN","W 16-10","Chris Boswell","26","Y","N",1,0,2019,11,2019
"1326","12","2019-11-14","PIT","CLE","L 7-21","Chris Boswell","44","N","N",0,0,2019,11,2019
"1426","13","2019-11-10","PIT","LAR","W 17-12","Chris Boswell","33","Y","N",1,0,2019,11,2019
"1526","14","2019-11-03","PIT","IND","W 26-24","Chris Boswell","33","Y","N",1,0,2019,11,2019
"1626","15","2019-11-03","PIT","IND","W 26-24","Chris Boswell","51","Y","N",1,0,2019,11,2019
"1726","16","2019-11-03","PIT","IND","W 26-24","Chris Boswell","26","Y","N",1,0,2019,11,2019
"1826","17","2019-11-03","PIT","IND","W 26-24","Chris Boswell","21","Y","N",1,0,2019,11,2019
"1925","18","2019-10-28","PIT","MIA","W 27-14","Chris Boswell","41","Y","N",1,0,2019,10,2019
"2025","19","2019-10-28","PIT","MIA","W 27-14","Chris Boswell","54","N","N",0,0,2019,10,2019
"2130","20","2019-10-28","PIT","MIA","W 27-14","Chris Boswell","42","Y","N",1,0,2019,10,2019
"2227","21","2019-10-13","PIT","LAC","W 24-17","Chris Boswell","20","Y","N",1,0,2019,10,2019
"2325","22","2019-10-06","PIT","BAL","L 23-26","Chris Boswell","29","Y","N",1,0,2019,10,2019
"2425","23","2019-10-06","PIT","BAL","L 23-26","Chris Boswell","41","Y","N",1,0,2019,10,2019
"2525","24","2019-10-06","PIT","BAL","L 23-26","Chris Boswell","33","Y","N",1,0,2019,10,2019
"2624","25","2019-09-30","PIT","CIN","W 27-3","Chris Boswell","29","Y","N",1,0,2019,9,2019
"2724","26","2019-09-30","PIT","CIN","W 27-3","Chris Boswell","49","Y","N",1,0,2019,9,2019
"2823","27","2019-09-22","PIT","SFO","L 20-24","Chris Boswell","26","Y","N",1,0,2019,9,2019
"2923","28","2019-09-22","PIT","SFO","L 20-24","Chris Boswell","46","Y","N",1,0,2019,9,2019
"3021","29","2019-09-15","PIT","SEA","L 26-28","Chris Boswell","33","Y","N",1,0,2019,9,2019
"3123","30","2019-09-15","PIT","SEA","L 26-28","Chris Boswell","41","Y","N",1,0,2019,9,2019
"3219","31","2019-09-08","PIT","NWE","L 3-33","Chris Boswell","19","Y","N",1,0,2019,9,2019
"2131","1","2020-02-02","SFO","KAN","L 20-31","Robbie Gould","42","Y","N",1,0,2020,2,2019
"375","2","2020-02-02","SFO","KAN","L 20-31","Robbie Gould","38","Y","N",1,0,2020,2,2019
"430","3","2020-01-19","SFO","GNB","W 37-20","Robbie Gould","27","Y","N",1,0,2020,1,2019
"527","4","2020-01-19","SFO","GNB","W 37-20","Robbie Gould","54","Y","N",1,0,2020,1,2019
"627","5","2020-01-19","SFO","GNB","W 37-20","Robbie Gould","42","Y","N",1,0,2020,1,2019
"727","6","2020-01-11","SFO","MIN","W 27-10","Robbie Gould","21","Y","N",1,0,2020,1,2019
"827","7","2020-01-11","SFO","MIN","W 27-10","Robbie Gould","35","Y","N",1,0,2020,1,2019
"927","8","2019-12-29","SFO","SEA","W 26-21","Robbie Gould","47","Y","N",1,0,2019,12,2019
"1027","9","2019-12-29","SFO","SEA","W 26-21","Robbie Gould","30","Y","N",1,0,2019,12,2019
"1127","10","2019-12-21","SFO","LAR","W 34-31","Robbie Gould","33","Y","N",1,0,2019,12,2019
"1227","11","2019-12-21","SFO","LAR","W 34-31","Robbie Gould","26","Y","N",1,0,2019,12,2019
"1327","12","2019-12-15","SFO","ATL","L 22-29","Robbie Gould","22","Y","N",1,0,2019,12,2019
"1427","13","2019-12-15","SFO","ATL","L 22-29","Robbie Gould","43","Y","N",1,0,2019,12,2019
"1527","14","2019-12-15","SFO","ATL","L 22-29","Robbie Gould","46","Y","N",1,0,2019,12,2019
"1627","15","2019-12-08","SFO","NOR","W 48-46","Robbie Gould","30","Y","N",1,0,2019,12,2019
"1727","16","2019-12-08","SFO","NOR","W 48-46","Robbie Gould","41","Y","N",1,0,2019,12,2019
"1827","17","2019-12-01","SFO","BAL","L 17-20","Robbie Gould","32","Y","N",1,0,2019,12,2019
"1926","18","2019-12-01","SFO","BAL","L 17-20","Robbie Gould","51","N","Y",0,1,2019,12,2019
"2026","19","2019-11-24","SFO","GNB","W 37-8","Chase McLaughlin","27","Y","N",1,0,2019,11,2019
"2132","20","2019-11-24","SFO","GNB","W 37-8","Chase McLaughlin","29","Y","N",1,0,2019,11,2019
"2228","21","2019-11-24","SFO","GNB","W 37-8","Chase McLaughlin","48","Y","N",1,0,2019,11,2019
"2326","22","2019-11-17","SFO","ARI","W 36-26","Chase McLaughlin","43","Y","N",1,0,2019,11,2019
"2426","23","2019-11-11","SFO","SEA","L 24-27","Chase McLaughlin","39","Y","N",1,0,2019,11,2019
"2526","24","2019-11-11","SFO","SEA","L 24-27","Chase McLaughlin","47","N","N",0,0,2019,11,2019
"2625","25","2019-11-11","SFO","SEA","L 24-27","Chase McLaughlin","43","Y","N",1,0,2019,11,2019
"2725","26","2019-11-11","SFO","SEA","L 24-27","Chase McLaughlin","47","Y","N",1,0,2019,11,2019
"2824","27","2019-10-27","SFO","CAR","W 51-13","Robbie Gould","20","Y","N",1,0,2019,10,2019
"2924","28","2019-10-20","SFO","WAS","W 9-0","Robbie Gould","28","Y","N",1,0,2019,10,2019
"3022","29","2019-10-20","SFO","WAS","W 9-0","Robbie Gould","29","Y","N",1,0,2019,10,2019
"3124","30","2019-10-20","SFO","WAS","W 9-0","Robbie Gould","45","N","N",0,0,2019,10,2019
"3220","31","2019-10-20","SFO","WAS","W 9-0","Robbie Gould","22","Y","N",1,0,2019,10,2019
"3317","32","2019-10-13","SFO","LAR","W 20-7","Robbie Gould","25","Y","N",1,0,2019,10,2019
"3412","33","2019-10-13","SFO","LAR","W 20-7","Robbie Gould","55","N","N",0,0,2019,10,2019
"3511","34","2019-10-13","SFO","LAR","W 20-7","Robbie Gould","34","Y","N",1,0,2019,10,2019
"3610","35","2019-10-07","SFO","CLE","W 31-3","Robbie Gould","47","N","N",0,0,2019,10,2019
"376","36","2019-10-07","SFO","CLE","W 31-3","Robbie Gould","32","N","Y",0,1,2019,10,2019
"384","37","2019-10-07","SFO","CLE","W 31-3","Robbie Gould","52","N","N",0,0,2019,10,2019
"394","38","2019-10-07","SFO","CLE","W 31-3","Robbie Gould","44","Y","N",1,0,2019,10,2019
"404","39","2019-09-22","SFO","PIT","W 24-20","Robbie Gould","24","Y","N",1,0,2019,9,2019
"4110","40","2019-09-15","SFO","CIN","W 41-17","Robbie Gould","38","Y","N",1,0,2019,9,2019
"4210","41","2019-09-15","SFO","CIN","W 41-17","Robbie Gould","33","Y","N",1,0,2019,9,2019
"431","42","2019-09-15","SFO","CIN","W 41-17","Robbie Gould","39","N","N",0,0,2019,9,2019
"441","43","2019-09-08","SFO","TAM","W 31-17","Robbie Gould","29","Y","N",1,0,2019,9,2019
"451","44","2019-09-08","SFO","TAM","W 31-17","Robbie Gould","57","N","N",0,0,2019,9,2019
"461","45","2019-09-08","SFO","TAM","W 31-17","Robbie Gould","36","Y","N",1,0,2019,9,2019
"471","46","2019-09-08","SFO","TAM","W 31-17","Robbie Gould","47","Y","N",1,0,2019,9,2019
"2133","1","2020-01-12","SEA","GNB","L 23-28","Jason Myers","50","N","N",0,0,2020,1,2019
"377","2","2020-01-12","SEA","GNB","L 23-28","Jason Myers","45","Y","N",1,0,2020,1,2019
"432","3","2020-01-05","SEA","PHI","W 17-9","Jason Myers","49","Y","N",1,0,2020,1,2019
"528","4","2020-01-05","SEA","PHI","W 17-9","Jason Myers","35","N","Y",0,1,2020,1,2019
"628","5","2019-12-22","SEA","ARI","L 13-27","Jason Myers","30","Y","N",1,0,2019,12,2019
"728","6","2019-12-22","SEA","ARI","L 13-27","Jason Myers","51","Y","N",1,0,2019,12,2019
"828","7","2019-12-15","SEA","CAR","W 30-24","Jason Myers","30","Y","N",1,0,2019,12,2019
"928","8","2019-12-08","SEA","LAR","L 12-28","Jason Myers","34","Y","N",1,0,2019,12,2019
"1028","9","2019-12-08","SEA","LAR","L 12-28","Jason Myers","39","Y","N",1,0,2019,12,2019
"1128","10","2019-12-02","SEA","MIN","W 37-30","Jason Myers","29","Y","N",1,0,2019,12,2019
"1228","11","2019-12-02","SEA","MIN","W 37-30","Jason Myers","29","Y","N",1,0,2019,12,2019
"1328","12","2019-12-02","SEA","MIN","W 37-30","Jason Myers","36","Y","N",1,0,2019,12,2019
"1428","13","2019-11-24","SEA","PHI","W 17-9","Jason Myers","24","Y","N",1,0,2019,11,2019
"1528","14","2019-11-11","SEA","SFO","W 27-24","Jason Myers","42","Y","N",1,0,2019,11,2019
"1628","15","2019-11-11","SEA","SFO","W 27-24","Jason Myers","46","Y","N",1,0,2019,11,2019
"1728","16","2019-11-03","SEA","TAM","W 40-34","Jason Myers","40","N","N",0,0,2019,11,2019
"1828","17","2019-11-03","SEA","TAM","W 40-34","Jason Myers","47","N","N",0,0,2019,11,2019
"1927","18","2019-11-03","SEA","TAM","W 40-34","Jason Myers","22","Y","N",1,0,2019,11,2019
"2027","19","2019-11-03","SEA","TAM","W 40-34","Jason Myers","37","Y","N",1,0,2019,11,2019
"2134","20","2019-10-27","SEA","ATL","W 27-20","Jason Myers","54","Y","N",1,0,2019,10,2019
"2229","21","2019-10-27","SEA","ATL","W 27-20","Jason Myers","42","Y","N",1,0,2019,10,2019
"2327","22","2019-10-20","SEA","BAL","L 16-30","Jason Myers","31","Y","N",1,0,2019,10,2019
"2427","23","2019-10-20","SEA","BAL","L 16-30","Jason Myers","35","Y","N",1,0,2019,10,2019
"2527","24","2019-10-20","SEA","BAL","L 16-30","Jason Myers","34","Y","N",1,0,2019,10,2019
"2626","25","2019-10-20","SEA","BAL","L 16-30","Jason Myers","53","N","N",0,0,2019,10,2019
"2726","26","2019-10-13","SEA","CLE","W 32-28","Jason Myers","38","Y","N",1,0,2019,10,2019
"2825","27","2019-10-13","SEA","CLE","W 32-28","Jason Myers","20","Y","N",1,0,2019,10,2019
"2925","28","2019-10-03","SEA","LAR","W 30-29","Jason Myers","42","Y","N",1,0,2019,10,2019
"3023","29","2019-10-03","SEA","LAR","W 30-29","Jason Myers","48","N","N",0,0,2019,10,2019
"3125","30","2019-09-29","SEA","ARI","W 27-10","Jason Myers","24","Y","N",1,0,2019,9,2019
"3221","31","2019-09-29","SEA","ARI","W 27-10","Jason Myers","33","Y","N",1,0,2019,9,2019
"3318","32","2019-09-15","SEA","PIT","W 28-26","Jason Myers","58","N","N",0,0,2019,9,2019
"2135","1","2019-12-29","TAM","ATL","L 22-28","Matt Gay","49","N","N",0,0,2019,12,2019
"378","2","2019-12-29","TAM","ATL","L 22-28","Matt Gay","34","N","N",0,0,2019,12,2019
"433","3","2019-12-29","TAM","ATL","L 22-28","Matt Gay","44","N","N",0,0,2019,12,2019
"529","4","2019-12-21","TAM","HOU","L 20-23","Matt Gay","54","N","Y",0,1,2019,12,2019
"629","5","2019-12-21","TAM","HOU","L 20-23","Matt Gay","41","Y","N",1,0,2019,12,2019
"729","6","2019-12-21","TAM","HOU","L 20-23","Matt Gay","50","Y","N",1,0,2019,12,2019
"829","7","2019-12-15","TAM","DET","W 38-17","Matt Gay","54","N","N",0,0,2019,12,2019
"929","8","2019-12-15","TAM","DET","W 38-17","Matt Gay","46","Y","N",1,0,2019,12,2019
"1029","9","2019-12-08","TAM","IND","W 38-35","Matt Gay","44","Y","N",1,0,2019,12,2019
"1129","10","2019-12-01","TAM","JAX","W 28-11","Matt Gay","25","Y","N",1,0,2019,12,2019
"1229","11","2019-12-01","TAM","JAX","W 28-11","Matt Gay","37","Y","N",1,0,2019,12,2019
"1329","12","2019-11-24","TAM","ATL","W 35-22","Matt Gay","32","Y","N",1,0,2019,11,2019
"1429","13","2019-11-17","TAM","NOR","L 17-34","Matt Gay","55","Y","N",1,0,2019,11,2019
"1529","14","2019-11-10","TAM","ARI","W 30-27","Matt Gay","41","Y","N",1,0,2019,11,2019
"1629","15","2019-11-10","TAM","ARI","W 30-27","Matt Gay","45","Y","N",1,0,2019,11,2019
"1729","16","2019-11-10","TAM","ARI","W 30-27","Matt Gay","30","Y","N",1,0,2019,11,2019
"1829","17","2019-11-03","TAM","SEA","L 34-40","Matt Gay","50","N","N",0,0,2019,11,2019
"1928","18","2019-11-03","TAM","SEA","L 34-40","Matt Gay","45","Y","N",1,0,2019,11,2019
"2028","19","2019-11-03","TAM","SEA","L 34-40","Matt Gay","41","Y","N",1,0,2019,11,2019
"2136","20","2019-10-27","TAM","TEN","L 23-27","Matt Gay","22","Y","N",1,0,2019,10,2019
"2230","21","2019-10-27","TAM","TEN","L 23-27","Matt Gay","24","Y","N",1,0,2019,10,2019
"2328","22","2019-10-27","TAM","TEN","L 23-27","Matt Gay","48","Y","N",1,0,2019,10,2019
"2428","23","2019-10-13","TAM","CAR","L 26-37","Matt Gay","54","Y","N",1,0,2019,10,2019
"2528","24","2019-10-06","TAM","NOR","L 24-31","Matt Gay","42","Y","N",1,0,2019,10,2019
"2627","25","2019-09-29","TAM","LAR","W 55-40","Matt Gay","21","Y","N",1,0,2019,9,2019
"2727","26","2019-09-29","TAM","LAR","W 55-40","Matt Gay","58","Y","N",1,0,2019,9,2019
"2826","27","2019-09-22","TAM","NYG","L 31-32","Matt Gay","34","N","N",0,0,2019,9,2019
"2926","28","2019-09-22","TAM","NYG","L 31-32","Matt Gay","27","Y","N",1,0,2019,9,2019
"3024","29","2019-09-22","TAM","NYG","L 31-32","Matt Gay","23","Y","N",1,0,2019,9,2019
"3126","30","2019-09-22","TAM","NYG","L 31-32","Matt Gay","47","Y","N",1,0,2019,9,2019
"3222","31","2019-09-22","TAM","NYG","L 31-32","Matt Gay","52","Y","N",1,0,2019,9,2019
"3319","32","2019-09-12","TAM","CAR","W 20-14","Matt Gay","42","N","N",0,0,2019,9,2019
"3413","33","2019-09-12","TAM","CAR","W 20-14","Matt Gay","40","Y","N",1,0,2019,9,2019
"3512","34","2019-09-12","TAM","CAR","W 20-14","Matt Gay","32","Y","N",1,0,2019,9,2019
"3611","35","2019-09-08","TAM","SFO","L 17-31","Matt Gay","31","Y","N",1,0,2019,9,2019
"2137","1","2020-01-19","TEN","KAN","L 24-35","Greg Joseph","30","Y","N",1,0,2020,1,2019
"379","2","2019-12-15","TEN","HOU","L 21-24","Ryan Succop","45","N","Y",0,1,2019,12,2019
"434","3","2019-12-08","TEN","OAK","W 42-21","Ryan Succop","42","N","N",0,0,2019,12,2019
"530","4","2019-12-01","TEN","IND","W 31-17","Ryan Succop","31","Y","N",1,0,2019,12,2019
"630","5","2019-11-03","TEN","CAR","L 20-30","Ryan Succop","56","N","N",0,0,2019,11,2019
"730","6","2019-11-03","TEN","CAR","L 20-30","Ryan Succop","43","N","N",0,0,2019,11,2019
"830","7","2019-11-03","TEN","CAR","L 20-30","Ryan Succop","44","N","N",0,0,2019,11,2019
"930","8","2019-10-27","TEN","TAM","W 27-23","Cody Parkey","51","Y","N",1,0,2019,10,2019
"1030","9","2019-10-27","TEN","TAM","W 27-23","Cody Parkey","42","Y","N",1,0,2019,10,2019
"1130","10","2019-10-20","TEN","LAC","W 23-20","Cody Parkey","45","Y","N",1,0,2019,10,2019
"1230","11","2019-10-06","TEN","BUF","L 7-14","Cairo Santos","53","N","N",0,0,2019,10,2019
"1330","12","2019-10-06","TEN","BUF","L 7-14","Cairo Santos","50","N","N",0,0,2019,10,2019
"1430","13","2019-10-06","TEN","BUF","L 7-14","Cairo Santos","33","N","Y",0,1,2019,10,2019
"1530","14","2019-10-06","TEN","BUF","L 7-14","Cairo Santos","36","N","N",0,0,2019,10,2019
"1630","15","2019-09-29","TEN","ATL","W 24-10","Cairo Santos","45","Y","N",1,0,2019,9,2019
"1730","16","2019-09-15","TEN","IND","L 17-19","Cairo Santos","49","Y","N",1,0,2019,9,2019
"1830","17","2019-09-15","TEN","IND","L 17-19","Cairo Santos","45","N","N",0,0,2019,9,2019
"1929","18","2019-09-08","TEN","CLE","W 43-13","Cairo Santos","37","Y","N",1,0,2019,9,2019
"2029","19","2019-09-08","TEN","CLE","W 43-13","Cairo Santos","53","Y","N",1,0,2019,9,2019
"2138","1","2019-12-29","WAS","DAL","L 16-47","Dustin Hopkins","28","Y","N",1,0,2019,12,2019
"380","2","2019-12-29","WAS","DAL","L 16-47","Dustin Hopkins","42","Y","N",1,0,2019,12,2019
"435","3","2019-12-29","WAS","DAL","L 16-47","Dustin Hopkins","31","Y","N",1,0,2019,12,2019
"531","4","2019-12-15","WAS","PHI","L 27-37","Dustin Hopkins","43","Y","N",1,0,2019,12,2019
"631","5","2019-12-15","WAS","PHI","L 27-37","Dustin Hopkins","53","Y","N",1,0,2019,12,2019
"731","6","2019-12-08","WAS","GNB","L 15-20","Dustin Hopkins","52","Y","N",1,0,2019,12,2019
"831","7","2019-12-01","WAS","CAR","W 29-21","Dustin Hopkins","42","Y","N",1,0,2019,12,2019
"931","8","2019-12-01","WAS","CAR","W 29-21","Dustin Hopkins","36","Y","N",1,0,2019,12,2019
"1031","9","2019-12-01","WAS","CAR","W 29-21","Dustin Hopkins","25","Y","N",1,0,2019,12,2019
"1131","10","2019-12-01","WAS","CAR","W 29-21","Dustin Hopkins","49","N","Y",0,1,2019,12,2019
"1231","11","2019-11-24","WAS","DET","W 19-16","Dustin Hopkins","28","Y","N",1,0,2019,11,2019
"1331","12","2019-11-24","WAS","DET","W 19-16","Dustin Hopkins","42","Y","N",1,0,2019,11,2019
"1431","13","2019-11-24","WAS","DET","W 19-16","Dustin Hopkins","37","Y","N",1,0,2019,11,2019
"1531","14","2019-11-24","WAS","DET","W 19-16","Dustin Hopkins","39","Y","N",1,0,2019,11,2019
"1631","15","2019-11-17","WAS","NYJ","L 17-34","Dustin Hopkins","29","N","N",0,0,2019,11,2019
"1731","16","2019-11-17","WAS","NYJ","L 17-34","Dustin Hopkins","44","Y","N",1,0,2019,11,2019
"1831","17","2019-11-03","WAS","BUF","L 9-24","Dustin Hopkins","39","Y","N",1,0,2019,11,2019
"1930","18","2019-11-03","WAS","BUF","L 9-24","Dustin Hopkins","33","Y","N",1,0,2019,11,2019
"2030","19","2019-11-03","WAS","BUF","L 9-24","Dustin Hopkins","29","Y","N",1,0,2019,11,2019
"2139","20","2019-10-24","WAS","MIN","L 9-19","Dustin Hopkins","21","Y","N",1,0,2019,10,2019
"2231","21","2019-10-24","WAS","MIN","L 9-19","Dustin Hopkins","43","Y","N",1,0,2019,10,2019
"2329","22","2019-10-24","WAS","MIN","L 9-19","Dustin Hopkins","30","Y","N",1,0,2019,10,2019
"2429","23","2019-10-20","WAS","SFO","L 0-9","Dustin Hopkins","39","N","N",0,0,2019,10,2019
"2529","24","2019-10-13","WAS","MIA","W 17-16","Dustin Hopkins","21","Y","N",1,0,2019,10,2019
"2628","25","2019-10-13","WAS","MIA","W 17-16","Dustin Hopkins","55","N","N",0,0,2019,10,2019
"2728","26","2019-09-29","WAS","NYG","L 3-24","Dustin Hopkins","21","Y","N",1,0,2019,9,2019
"2827","27","2019-09-23","WAS","CHI","L 15-31","Dustin Hopkins","43","N","N",0,0,2019,9,2019
"2927","28","2019-09-23","WAS","CHI","L 15-31","Dustin Hopkins","35","Y","N",1,0,2019,9,2019
"3025","29","2019-09-08","WAS","PHI","L 27-32","Dustin Hopkins","41","Y","N",1,0,2019,9,2019
"3127","30","2019-09-08","WAS","PHI","L 27-32","Dustin Hopkins","48","Y","N",1,0,2019,9,2019
