Date,Target,Blaster,Darts,Distance,Person,0,1,2,3,4,5,6,7,8,9
2020-11-02,L,Ninja,AS,20,J,0,0,1,0,0,2,1,0,0,0
2020-11-02,L,SF,LV,20,A,3,0,0,0,0,1,0,0,0,0
2020-11-02,L,SA,AS,20,J,3,1,0,0,0,1,0,1,0,0
2020-11-02,L,SW,AS,20,A,2,0,0,0,0,0,0,1,0,1
2020-11-02,L,SA,LV,20,D,0,0,0,1,0,2,0,1,1,1
2020-11-02,L,SW,LV,20,A,3,0,0,0,0,0,0,1,0,0
2020-11-02,L,SA,AS,20,D,0,0,1,0,0,3,0,0,2,0
2020-11-02,L,SA,LV,20,A,3,0,1,0,0,0,1,0,1,0
2020-11-02,L,Ninja,AS,20,D,0,0,3,0,0,1,0,0,0,0
2020-11-02,L,Ninja,AS,20,A,1,0,2,0,0,1,0,0,0,0
2020-11-02,L,SA,LV,20,D,1,0,1,1,1,1,0,0,1,0
2020-11-02,L,Ninja,AS,20,A,0,1,0,0,0,2,0,1,0,0
2020-11-02,L,SA,AS,20,D,0,0,1,0,0,4,1,0,0,0
2020-11-02,L,Ninja,AS,20,A,0,0,0,0,0,2,0,0,1,1
2020-11-02,L,Ninja,LV,20,D,2,0,0,0,0,1,1,0,0,0
2020-11-02,L,Ninja,AS,20,A,0,1,1,0,0,2,0,0,0,0
2020-11-02,L,SA,LV,20,D,1,1,1,0,0,2,0,0,1,0
2020-11-02,L,Ninja,AS,20,A,0,0,0,1,0,2,1,0,0,0
2020-11-02,L,Ninja,LV,20,D,0,2,0,0,0,1,0,0,1,0
2020-11-02,L,Ninja,AS,20,J,1,0,0,1,0,0,2,0,0,0
2020-11-02,L,Ninja,AS,20,A,0,0,0,0,1,3,0,0,0,0
2020-11-02,L,SA,AS,20,D,0,0,0,0,0,4,1,0,1,0
2020-11-02,L,Ninja,AS,20,J,1,0,0,0,0,1,1,0,1,0
2020-11-02,L,Ninja,AS,20,A,0,0,0,0,0,3,0,0,1,0
2020-11-02,L,SA,LV,20,D,0,0,1,0,0,1,1,1,1,1
2020-11-02,L,Ninja,LV,20,J,0,0,0,1,1,0,1,0,1,0
2020-11-02,L,Ninja,AS,20,A,0,0,2,0,2,0,0,0,0,0
2020-11-02,L,SF,AS,20,D,1,0,0,0,0,2,1,0,1,1
2020-11-02,L,Ninja,LV,20,J,2,0,0,0,0,1,0,0,1,0
2020-11-02,L,SA,LV,20,D,1,0,0,0,1,2,1,0,0,1
2020-11-02,L,SA,AS,20,D,0,0,0,1,0,4,0,0,1,0
2020-11-02,L,SA,AS,20,D,0,0,1,1,0,3,1,0,0,0
2020-11-17,L,APP,X,20,J,7,0,0,0,0,0,0,0,1,0
2020-11-17,L,Ninja,AS,20,D,1,0,0,0,0,1,1,0,1,0
2020-11-17,L,APP,X,20,A,5,0,0,0,0,0,0,0,0,1
2020-11-17,L,Ninja,AS,20,J,0,0,0,0,1,2,0,1,0,0
2020-11-17,L,SA,AS,20,A,2,0,0,0,0,3,1,0,0,0
2020-11-17,L,SW,AS,20,D,2,0,4,0,0,3,0,0,1,0
2020-11-17,L,SA,AS,20,D,0,0,0,0,0,3,0,0,3,0
2020-11-17,L,SA,AS,20,D,0,0,1,0,0,2,1,0,2,0
2020-11-20,S,Ninja,LV,10,J,0,1,2,0,0,1,0,0,0,0
2020-11-20,S,APP,X,10,J,2,0,1,0,0,0,0,0,1,0
2020-11-20,S,SA,LV,10,D,2,0,1,0,0,3,0,0,0,0
2020-11-20,S,SW,AS,10,J,0,0,1,0,0,4,0,0,0,0
2020-11-20,S,SW,LV,10,J,0,0,1,1,0,2,0,1,1,0
2020-11-20,S,SW,LV,10,D,1,0,1,0,0,3,0,0,2,0
2020-11-20,S,SW,AS,10,J,1,2,1,2,0,3,0,0,0,1
2020-11-20,S,SW,AS,10,D,0,0,1,0,0,8,0,0,1,0
2020-11-20,S,SW,AS,10,J,8,0,5,1,0,4,2,0,1,0
2020-11-20,S,SA,AS,10,D,0,0,1,0,1,3,0,0,1,0
2020-11-20,S,SA,AS,10,D,0,0,0,0,0,6,0,0,0,0
2020-11-20,S,SA,AS,10,J,0,0,1,0,0,2,0,0,0,0
2020-11-20,S,SF,AS,10,D,0,0,1,0,0,6,0,0,3,0
2020-11-20,S,Ninja,AS,10,J,1,0,3,0,0,0,0,0,0,0
2020-11-20,S,SW,AS,10,D,1,0,0,0,1,5,0,0,3,0
2020-11-20,S,SW,LV,10,D,0,0,0,0,0,4,4,0,1,0
2020-11-20,S,SW,AS,10,D,2,2,1,0,0,2,0,0,0,0
2020-11-20,S,SA,LV,10,D,1,0,1,0,0,3,1,0,0,0
2020-11-20,S,SW,AS,10,J,2,0,0,0,0,1,0,0,0,0
,,,,,,0,0,0,0,0,0,0,0,0,0
,,,,,,0,0,0,0,0,0,0,0,0,0
,,,,,,0,0,0,0,0,0,0,0,0,0
,,,,,,0,0,0,0,0,0,0,0,0,0
,,,,,,0,0,0,0,0,0,0,0,0,0
,,,,,,0,0,0,0,0,0,0,0,0,0
,,,,,,0,0,0,0,0,0,0,0,0,0
,,,,,,0,0,0,0,0,0,0,0,0,0
,,,,,,0,0,0,0,0,0,0,0,0,0
,,,,,,0,0,0,0,0,0,0,0,0,0
,,,,,,0,0,0,0,0,0,0,0,0,0
,,,,,,0,0,0,0,0,0,0,0,0,0
,,,,,,0,0,0,0,0,0,0,0,0,0
,,,,,,0,0,0,0,0,0,0,0,0,0
,,,,,,0,0,0,0,0,0,0,0,0,0
,,,,,,0,0,0,0,0,0,0,0,0,0
,,,,,,0,0,0,0,0,0,0,0,0,0
,,,,,,0,0,0,0,0,0,0,0,0,0
,,,,,,0,0,0,0,0,0,0,0,0,0
,,,,,,0,0,0,0,0,0,0,0,0,0
,,,,,,0,0,0,0,0,0,0,0,0,0
,,,,,,0,0,0,0,0,0,0,0,0,0
,,,,,,0,0,0,0,0,0,0,0,0,0
,,,,,,0,0,0,0,0,0,0,0,0,0
,,,,,,0,0,0,0,0,0,0,0,0,0
,,,,,,0,0,0,0,0,0,0,0,0,0
,,,,,,0,0,0,0,0,0,0,0,0,0
,,,,,,0,0,0,0,0,0,0,0,0,0
,,,,,,0,0,0,0,0,0,0,0,0,0
,,,,,,0,0,0,0,0,0,0,0,0,0
,,,,,,0,0,0,0,0,0,0,0,0,0
,,,,,,0,0,0,0,0,0,0,0,0,0
,,,,,,0,0,0,0,0,0,0,0,0,0
,,,,,,0,0,0,0,0,0,0,0,0,0
,,,,,,0,0,0,0,0,0,0,0,0,0
,,,,,,0,0,0,0,0,0,0,0,0,0
,,,,,,0,0,0,0,0,0,0,0,0,0
,,,,,,0,0,0,0,0,0,0,0,0,0
,,,,,,0,0,0,0,0,0,0,0,0,0
,,,,,,0,0,0,0,0,0,0,0,0,0
,,,,,,0,0,0,0,0,0,0,0,0,0
,,,,,,0,0,0,0,0,0,0,0,0,0
,,,,,,0,0,0,0,0,0,0,0,0,0
,,,,,,0,0,0,0,0,0,0,0,0,0
,,,,,,0,0,0,0,0,0,0,0,0,0
,,,,,,0,0,0,0,0,0,0,0,0,0
,,,,,,0,0,0,0,0,0,0,0,0,0
,,,,,,0,0,0,0,0,0,0,0,0,0
,,,,,,0,0,0,0,0,0,0,0,0,0
,,,,,,0,0,0,0,0,0,0,0,0,0
,,,,,,0,0,0,0,0,0,0,0,0,0
,,,,,,0,0,0,0,0,0,0,0,0,0
,,,,,,0,0,0,0,0,0,0,0,0,0
,,,,,,0,0,0,0,0,0,0,0,0,0
,,,,,,0,0,0,0,0,0,0,0,0,0
,,,,,,0,0,0,0,0,0,0,0,0,0
,,,,,,0,0,0,0,0,0,0,0,0,0
,,,,,,0,0,0,0,0,0,0,0,0,0
,,,,,,0,0,0,0,0,0,0,0,0,0
,,,,,,0,0,0,0,0,0,0,0,0,0
,,,,,,0,0,0,0,0,0,0,0,0,0
,,,,,,0,0,0,0,0,0,0,0,0,0
,,,,,,0,0,0,0,0,0,0,0,0,0
,,,,,,0,0,0,0,0,0,0,0,0,0
,,,,,,0,0,0,0,0,0,0,0,0,0
,,,,,,0,0,0,0,0,0,0,0,0,0
,,,,,,0,0,0,0,0,0,0,0,0,0
,,,,,,0,0,0,0,0,0,0,0,0,0
,,,,,,0,0,0,0,0,0,0,0,0,0
,,,,,,0,0,0,0,0,0,0,0,0,0
,,,,,,0,0,0,0,0,0,0,0,0,0
,,,,,,0,0,0,0,0,0,0,0,0,0
,,,,,,0,0,0,0,0,0,0,0,0,0
,,,,,,0,0,0,0,0,0,0,0,0,0
,,,,,,0,0,0,0,0,0,0,0,0,0
,,,,,,0,0,0,0,0,0,0,0,0,0
,,,,,,0,0,0,0,0,0,0,0,0,0
,,,,,,0,0,0,0,0,0,0,0,0,0
,,,,,,0,0,0,0,0,0,0,0,0,0
,,,,,,0,0,0,0,0,0,0,0,0,0
,,,,,,0,0,0,0,0,0,0,0,0,0
,,,,,,0,0,0,0,0,0,0,0,0,0
,,,,,,0,0,0,0,0,0,0,0,0,0
,,,,,,0,0,0,0,0,0,0,0,0,0
,,,,,,0,0,0,0,0,0,0,0,0,0
,,,,,,0,0,0,0,0,0,0,0,0,0
,,,,,,0,0,0,0,0,0,0,0,0,0
,,,,,,0,0,0,0,0,0,0,0,0,0
,,,,,,0,0,0,0,0,0,0,0,0,0
,,,,,,0,0,0,0,0,0,0,0,0,0
,,,,,,0,0,0,0,0,0,0,0,0,0
,,,,,,0,0,0,0,0,0,0,0,0,0
,,,,,,0,0,0,0,0,0,0,0,0,0
,,,,,,0,0,0,0,0,0,0,0,0,0
,,,,,,0,0,0,0,0,0,0,0,0,0
,,,,,,0,0,0,0,0,0,0,0,0,0
,,,,,,0,0,0,0,0,0,0,0,0,0
,,,,,,0,0,0,0,0,0,0,0,0,0
,,,,,,0,0,0,0,0,0,0,0,0,0
,,,,,,0,0,0,0,0,0,0,0,0,0
,,,,,,0,0,0,0,0,0,0,0,0,0
,,,,,,0,0,0,0,0,0,0,0,0,0
,,,,,,0,0,0,0,0,0,0,0,0,0
,,,,,,0,0,0,0,0,0,0,0,0,0
,,,,,,0,0,0,0,0,0,0,0,0,0
,,,,,,0,0,0,0,0,0,0,0,0,0
,,,,,,0,0,0,0,0,0,0,0,0,0
,,,,,,0,0,0,0,0,0,0,0,0,0
,,,,,,0,0,0,0,0,0,0,0,0,0
,,,,,,0,0,0,0,0,0,0,0,0,0
,,,,,,0,0,0,0,0,0,0,0,0,0
,,,,,,0,0,0,0,0,0,0,0,0,0
,,,,,,0,0,0,0,0,0,0,0,0,0
,,,,,,0,0,0,0,0,0,0,0,0,0
,,,,,,0,0,0,0,0,0,0,0,0,0
,,,,,,0,0,0,0,0,0,0,0,0,0
,,,,,,0,0,0,0,0,0,0,0,0,0
,,,,,,0,0,0,0,0,0,0,0,0,0
,,,,,,0,0,0,0,0,0,0,0,0,0
,,,,,,0,0,0,0,0,0,0,0,0,0
,,,,,,0,0,0,0,0,0,0,0,0,0
,,,,,,0,0,0,0,0,0,0,0,0,0
,,,,,,0,0,0,0,0,0,0,0,0,0
,,,,,,0,0,0,0,0,0,0,0,0,0
,,,,,,0,0,0,0,0,0,0,0,0,0
,,,,,,0,0,0,0,0,0,0,0,0,0
,,,,,,0,0,0,0,0,0,0,0,0,0
,,,,,,0,0,0,0,0,0,0,0,0,0
,,,,,,0,0,0,0,0,0,0,0,0,0
,,,,,,0,0,0,0,0,0,0,0,0,0
,,,,,,0,0,0,0,0,0,0,0,0,0
,,,,,,0,0,0,0,0,0,0,0,0,0
,,,,,,0,0,0,0,0,0,0,0,0,0
,,,,,,0,0,0,0,0,0,0,0,0,0
,,,,,,0,0,0,0,0,0,0,0,0,0
,,,,,,0,0,0,0,0,0,0,0,0,0
,,,,,,0,0,0,0,0,0,0,0,0,0
,,,,,,0,0,0,0,0,0,0,0,0,0
,,,,,,0,0,0,0,0,0,0,0,0,0
,,,,,,0,0,0,0,0,0,0,0,0,0
,,,,,,0,0,0,0,0,0,0,0,0,0
,,,,,,0,0,0,0,0,0,0,0,0,0
,,,,,,0,0,0,0,0,0,0,0,0,0
,,,,,,0,0,0,0,0,0,0,0,0,0
,,,,,,0,0,0,0,0,0,0,0,0,0
,,,,,,0,0,0,0,0,0,0,0,0,0
,,,,,,0,0,0,0,0,0,0,0,0,0
,,,,,,0,0,0,0,0,0,0,0,0,0
,,,,,,0,0,0,0,0,0,0,0,0,0
,,,,,,0,0,0,0,0,0,0,0,0,0
,,,,,,0,0,0,0,0,0,0,0,0,0
,,,,,,0,0,0,0,0,0,0,0,0,0
,,,,,,0,0,0,0,0,0,0,0,0,0
,,,,,,0,0,0,0,0,0,0,0,0,0
,,,,,,0,0,0,0,0,0,0,0,0,0
,,,,,,0,0,0,0,0,0,0,0,0,0
,,,,,,0,0,0,0,0,0,0,0,0,0
,,,,,,0,0,0,0,0,0,0,0,0,0
,,,,,,0,0,0,0,0,0,0,0,0,0
,,,,,,0,0,0,0,0,0,0,0,0,0
,,,,,,0,0,0,0,0,0,0,0,0,0
,,,,,,0,0,0,0,0,0,0,0,0,0
,,,,,,0,0,0,0,0,0,0,0,0,0
,,,,,,0,0,0,0,0,0,0,0,0,0
,,,,,,0,0,0,0,0,0,0,0,0,0
,,,,,,0,0,0,0,0,0,0,0,0,0
,,,,,,0,0,0,0,0,0,0,0,0,0
,,,,,,0,0,0,0,0,0,0,0,0,0
,,,,,,0,0,0,0,0,0,0,0,0,0
,,,,,,0,0,0,0,0,0,0,0,0,0
,,,,,,0,0,0,0,0,0,0,0,0,0
,,,,,,0,0,0,0,0,0,0,0,0,0
,,,,,,0,0,0,0,0,0,0,0,0,0
,,,,,,0,0,0,0,0,0,0,0,0,0
,,,,,,0,0,0,0,0,0,0,0,0,0
,,,,,,0,0,0,0,0,0,0,0,0,0
,,,,,,0,0,0,0,0,0,0,0,0,0
,,,,,,0,0,0,0,0,0,0,0,0,0
,,,,,,0,0,0,0,0,0,0,0,0,0
,,,,,,0,0,0,0,0,0,0,0,0,0
,,,,,,0,0,0,0,0,0,0,0,0,0
,,,,,,0,0,0,0,0,0,0,0,0,0
,,,,,,0,0,0,0,0,0,0,0,0,0
,,,,,,0,0,0,0,0,0,0,0,0,0
,,,,,,0,0,0,0,0,0,0,0,0,0
,,,,,,0,0,0,0,0,0,0,0,0,0
,,,,,,0,0,0,0,0,0,0,0,0,0
,,,,,,0,0,0,0,0,0,0,0,0,0
,,,,,,0,0,0,0,0,0,0,0,0,0
,,,,,,0,0,0,0,0,0,0,0,0,0
,,,,,,0,0,0,0,0,0,0,0,0,0
,,,,,,0,0,0,0,0,0,0,0,0,0
,,,,,,0,0,0,0,0,0,0,0,0,0
,,,,,,0,0,0,0,0,0,0,0,0,0
,,,,,,0,0,0,0,0,0,0,0,0,0
,,,,,,0,0,0,0,0,0,0,0,0,0
,,,,,,0,0,0,0,0,0,0,0,0,0
,,,,,,0,0,0,0,0,0,0,0,0,0
,,,,,,0,0,0,0,0,0,0,0,0,0
,,,,,,0,0,0,0,0,0,0,0,0,0
,,,,,,0,0,0,0,0,0,0,0,0,0
,,,,,,0,0,0,0,0,0,0,0,0,0
,,,,,,0,0,0,0,0,0,0,0,0,0
,,,,,,0,0,0,0,0,0,0,0,0,0
,,,,,,0,0,0,0,0,0,0,0,0,0
,,,,,,0,0,0,0,0,0,0,0,0,0
,,,,,,0,0,0,0,0,0,0,0,0,0
,,,,,,0,0,0,0,0,0,0,0,0,0
,,,,,,0,0,0,0,0,0,0,0,0,0
,,,,,,0,0,0,0,0,0,0,0,0,0
,,,,,,0,0,0,0,0,0,0,0,0,0
,,,,,,0,0,0,0,0,0,0,0,0,0
,,,,,,0,0,0,0,0,0,0,0,0,0
,,,,,,0,0,0,0,0,0,0,0,0,0
,,,,,,0,0,0,0,0,0,0,0,0,0
,,,,,,0,0,0,0,0,0,0,0,0,0
,,,,,,0,0,0,0,0,0,0,0,0,0
,,,,,,0,0,0,0,0,0,0,0,0,0
,,,,,,0,0,0,0,0,0,0,0,0,0
,,,,,,0,0,0,0,0,0,0,0,0,0
,,,,,,0,0,0,0,0,0,0,0,0,0
,,,,,,0,0,0,0,0,0,0,0,0,0
,,,,,,0,0,0,0,0,0,0,0,0,0
,,,,,,0,0,0,0,0,0,0,0,0,0
,,,,,,0,0,0,0,0,0,0,0,0,0
,,,,,,0,0,0,0,0,0,0,0,0,0
,,,,,,0,0,0,0,0,0,0,0,0,0
,,,,,,0,0,0,0,0,0,0,0,0,0
,,,,,,0,0,0,0,0,0,0,0,0,0
,,,,,,0,0,0,0,0,0,0,0,0,0
,,,,,,0,0,0,0,0,0,0,0,0,0
,,,,,,0,0,0,0,0,0,0,0,0,0
,,,,,,0,0,0,0,0,0,0,0,0,0
,,,,,,0,0,0,0,0,0,0,0,0,0
,,,,,,0,0,0,0,0,0,0,0,0,0
,,,,,,0,0,0,0,0,0,0,0,0,0
,,,,,,0,0,0,0,0,0,0,0,0,0
,,,,,,0,0,0,0,0,0,0,0,0,0
,,,,,,0,0,0,0,0,0,0,0,0,0
,,,,,,0,0,0,0,0,0,0,0,0,0
,,,,,,0,0,0,0,0,0,0,0,0,0
,,,,,,0,0,0,0,0,0,0,0,0,0
,,,,,,0,0,0,0,0,0,0,0,0,0
,,,,,,0,0,0,0,0,0,0,0,0,0
,,,,,,0,0,0,0,0,0,0,0,0,0
,,,,,,0,0,0,0,0,0,0,0,0,0
,,,,,,0,0,0,0,0,0,0,0,0,0
,,,,,,0,0,0,0,0,0,0,0,0,0
,,,,,,0,0,0,0,0,0,0,0,0,0
,,,,,,0,0,0,0,0,0,0,0,0,0
,,,,,,0,0,0,0,0,0,0,0,0,0
,,,,,,0,0,0,0,0,0,0,0,0,0
,,,,,,0,0,0,0,0,0,0,0,0,0
,,,,,,0,0,0,0,0,0,0,0,0,0
,,,,,,0,0,0,0,0,0,0,0,0,0
,,,,,,0,0,0,0,0,0,0,0,0,0
,,,,,,0,0,0,0,0,0,0,0,0,0
,,,,,,0,0,0,0,0,0,0,0,0,0
,,,,,,0,0,0,0,0,0,0,0,0,0
,,,,,,0,0,0,0,0,0,0,0,0,0
,,,,,,0,0,0,0,0,0,0,0,0,0
,,,,,,0,0,0,0,0,0,0,0,0,0
,,,,,,0,0,0,0,0,0,0,0,0,0
,,,,,,0,0,0,0,0,0,0,0,0,0
,,,,,,0,0,0,0,0,0,0,0,0,0
,,,,,,0,0,0,0,0,0,0,0,0,0
,,,,,,0,0,0,0,0,0,0,0,0,0
,,,,,,0,0,0,0,0,0,0,0,0,0
,,,,,,0,0,0,0,0,0,0,0,0,0
,,,,,,0,0,0,0,0,0,0,0,0,0
,,,,,,0,0,0,0,0,0,0,0,0,0
,,,,,,0,0,0,0,0,0,0,0,0,0
,,,,,,0,0,0,0,0,0,0,0,0,0
,,,,,,0,0,0,0,0,0,0,0,0,0
,,,,,,0,0,0,0,0,0,0,0,0,0
,,,,,,0,0,0,0,0,0,0,0,0,0
,,,,,,0,0,0,0,0,0,0,0,0,0
,,,,,,0,0,0,0,0,0,0,0,0,0
,,,,,,0,0,0,0,0,0,0,0,0,0
,,,,,,0,0,0,0,0,0,0,0,0,0
,,,,,,0,0,0,0,0,0,0,0,0,0
,,,,,,0,0,0,0,0,0,0,0,0,0
,,,,,,0,0,0,0,0,0,0,0,0,0
,,,,,,0,0,0,0,0,0,0,0,0,0
,,,,,,0,0,0,0,0,0,0,0,0,0
,,,,,,0,0,0,0,0,0,0,0,0,0
,,,,,,0,0,0,0,0,0,0,0,0,0
,,,,,,0,0,0,0,0,0,0,0,0,0
,,,,,,0,0,0,0,0,0,0,0,0,0
,,,,,,0,0,0,0,0,0,0,0,0,0
,,,,,,0,0,0,0,0,0,0,0,0,0
,,,,,,0,0,0,0,0,0,0,0,0,0
,,,,,,0,0,0,0,0,0,0,0,0,0
,,,,,,0,0,0,0,0,0,0,0,0,0
,,,,,,0,0,0,0,0,0,0,0,0,0
,,,,,,0,0,0,0,0,0,0,0,0,0
,,,,,,0,0,0,0,0,0,0,0,0,0
,,,,,,0,0,0,0,0,0,0,0,0,0
,,,,,,0,0,0,0,0,0,0,0,0,0
,,,,,,0,0,0,0,0,0,0,0,0,0
,,,,,,0,0,0,0,0,0,0,0,0,0
,,,,,,0,0,0,0,0,0,0,0,0,0
,,,,,,0,0,0,0,0,0,0,0,0,0
,,,,,,0,0,0,0,0,0,0,0,0,0
,,,,,,0,0,0,0,0,0,0,0,0,0
,,,,,,0,0,0,0,0,0,0,0,0,0
,,,,,,0,0,0,0,0,0,0,0,0,0
,,,,,,0,0,0,0,0,0,0,0,0,0
,,,,,,0,0,0,0,0,0,0,0,0,0
,,,,,,0,0,0,0,0,0,0,0,0,0
,,,,,,0,0,0,0,0,0,0,0,0,0
,,,,,,0,0,0,0,0,0,0,0,0,0
,,,,,,0,0,0,0,0,0,0,0,0,0
,,,,,,0,0,0,0,0,0,0,0,0,0
,,,,,,0,0,0,0,0,0,0,0,0,0
,,,,,,0,0,0,0,0,0,0,0,0,0
,,,,,,0,0,0,0,0,0,0,0,0,0
,,,,,,0,0,0,0,0,0,0,0,0,0
,,,,,,0,0,0,0,0,0,0,0,0,0
,,,,,,0,0,0,0,0,0,0,0,0,0
,,,,,,0,0,0,0,0,0,0,0,0,0
,,,,,,0,0,0,0,0,0,0,0,0,0
,,,,,,0,0,0,0,0,0,0,0,0,0
,,,,,,0,0,0,0,0,0,0,0,0,0
,,,,,,0,0,0,0,0,0,0,0,0,0
,,,,,,0,0,0,0,0,0,0,0,0,0
,,,,,,0,0,0,0,0,0,0,0,0,0
,,,,,,0,0,0,0,0,0,0,0,0,0
,,,,,,0,0,0,0,0,0,0,0,0,0
,,,,,,0,0,0,0,0,0,0,0,0,0
,,,,,,0,0,0,0,0,0,0,0,0,0
,,,,,,0,0,0,0,0,0,0,0,0,0
,,,,,,0,0,0,0,0,0,0,0,0,0
,,,,,,0,0,0,0,0,0,0,0,0,0
,,,,,,0,0,0,0,0,0,0,0,0,0
,,,,,,0,0,0,0,0,0,0,0,0,0
,,,,,,0,0,0,0,0,0,0,0,0,0
,,,,,,0,0,0,0,0,0,0,0,0,0
,,,,,,0,0,0,0,0,0,0,0,0,0
,,,,,,0,0,0,0,0,0,0,0,0,0
,,,,,,0,0,0,0,0,0,0,0,0,0
,,,,,,0,0,0,0,0,0,0,0,0,0
,,,,,,0,0,0,0,0,0,0,0,0,0
,,,,,,0,0,0,0,0,0,0,0,0,0
,,,,,,0,0,0,0,0,0,0,0,0,0
,,,,,,0,0,0,0,0,0,0,0,0,0
,,,,,,0,0,0,0,0,0,0,0,0,0
,,,,,,0,0,0,0,0,0,0,0,0,0
,,,,,,0,0,0,0,0,0,0,0,0,0
,,,,,,0,0,0,0,0,0,0,0,0,0
,,,,,,0,0,0,0,0,0,0,0,0,0
,,,,,,0,0,0,0,0,0,0,0,0,0
,,,,,,0,0,0,0,0,0,0,0,0,0
,,,,,,0,0,0,0,0,0,0,0,0,0
,,,,,,0,0,0,0,0,0,0,0,0,0
,,,,,,0,0,0,0,0,0,0,0,0,0
,,,,,,0,0,0,0,0,0,0,0,0,0
,,,,,,0,0,0,0,0,0,0,0,0,0
,,,,,,0,0,0,0,0,0,0,0,0,0
,,,,,,0,0,0,0,0,0,0,0,0,0
,,,,,,0,0,0,0,0,0,0,0,0,0
,,,,,,0,0,0,0,0,0,0,0,0,0
,,,,,,0,0,0,0,0,0,0,0,0,0
,,,,,,0,0,0,0,0,0,0,0,0,0
,,,,,,0,0,0,0,0,0,0,0,0,0
,,,,,,0,0,0,0,0,0,0,0,0,0
,,,,,,0,0,0,0,0,0,0,0,0,0
,,,,,,0,0,0,0,0,0,0,0,0,0
,,,,,,0,0,0,0,0,0,0,0,0,0
,,,,,,0,0,0,0,0,0,0,0,0,0
,,,,,,0,0,0,0,0,0,0,0,0,0
,,,,,,0,0,0,0,0,0,0,0,0,0
,,,,,,0,0,0,0,0,0,0,0,0,0
,,,,,,0,0,0,0,0,0,0,0,0,0
,,,,,,0,0,0,0,0,0,0,0,0,0
,,,,,,0,0,0,0,0,0,0,0,0,0
,,,,,,0,0,0,0,0,0,0,0,0,0
,,,,,,0,0,0,0,0,0,0,0,0,0
,,,,,,0,0,0,0,0,0,0,0,0,0
,,,,,,0,0,0,0,0,0,0,0,0,0
,,,,,,0,0,0,0,0,0,0,0,0,0
,,,,,,0,0,0,0,0,0,0,0,0,0
,,,,,,0,0,0,0,0,0,0,0,0,0
,,,,,,0,0,0,0,0,0,0,0,0,0
,,,,,,0,0,0,0,0,0,0,0,0,0
,,,,,,0,0,0,0,0,0,0,0,0,0
,,,,,,0,0,0,0,0,0,0,0,0,0
,,,,,,0,0,0,0,0,0,0,0,0,0
,,,,,,0,0,0,0,0,0,0,0,0,0
,,,,,,0,0,0,0,0,0,0,0,0,0
,,,,,,0,0,0,0,0,0,0,0,0,0
,,,,,,0,0,0,0,0,0,0,0,0,0
,,,,,,0,0,0,0,0,0,0,0,0,0
,,,,,,0,0,0,0,0,0,0,0,0,0
,,,,,,0,0,0,0,0,0,0,0,0,0
,,,,,,0,0,0,0,0,0,0,0,0,0
,,,,,,0,0,0,0,0,0,0,0,0,0
,,,,,,0,0,0,0,0,0,0,0,0,0
,,,,,,0,0,0,0,0,0,0,0,0,0
,,,,,,0,0,0,0,0,0,0,0,0,0
,,,,,,0,0,0,0,0,0,0,0,0,0
,,,,,,0,0,0,0,0,0,0,0,0,0
,,,,,,0,0,0,0,0,0,0,0,0,0
,,,,,,0,0,0,0,0,0,0,0,0,0
,,,,,,0,0,0,0,0,0,0,0,0,0
,,,,,,0,0,0,0,0,0,0,0,0,0
,,,,,,0,0,0,0,0,0,0,0,0,0
,,,,,,0,0,0,0,0,0,0,0,0,0
,,,,,,0,0,0,0,0,0,0,0,0,0
,,,,,,0,0,0,0,0,0,0,0,0,0
,,,,,,0,0,0,0,0,0,0,0,0,0
,,,,,,0,0,0,0,0,0,0,0,0,0
,,,,,,0,0,0,0,0,0,0,0,0,0
,,,,,,0,0,0,0,0,0,0,0,0,0
,,,,,,0,0,0,0,0,0,0,0,0,0
,,,,,,0,0,0,0,0,0,0,0,0,0
,,,,,,0,0,0,0,0,0,0,0,0,0
,,,,,,0,0,0,0,0,0,0,0,0,0
,,,,,,0,0,0,0,0,0,0,0,0,0
,,,,,,0,0,0,0,0,0,0,0,0,0
,,,,,,0,0,0,0,0,0,0,0,0,0
,,,,,,0,0,0,0,0,0,0,0,0,0
,,,,,,0,0,0,0,0,0,0,0,0,0
,,,,,,0,0,0,0,0,0,0,0,0,0
,,,,,,0,0,0,0,0,0,0,0,0,0
,,,,,,0,0,0,0,0,0,0,0,0,0
,,,,,,0,0,0,0,0,0,0,0,0,0
,,,,,,0,0,0,0,0,0,0,0,0,0
,,,,,,0,0,0,0,0,0,0,0,0,0
,,,,,,0,0,0,0,0,0,0,0,0,0
,,,,,,0,0,0,0,0,0,0,0,0,0
,,,,,,0,0,0,0,0,0,0,0,0,0
,,,,,,0,0,0,0,0,0,0,0,0,0
,,,,,,0,0,0,0,0,0,0,0,0,0
,,,,,,0,0,0,0,0,0,0,0,0,0
,,,,,,0,0,0,0,0,0,0,0,0,0
,,,,,,0,0,0,0,0,0,0,0,0,0
,,,,,,0,0,0,0,0,0,0,0,0,0
,,,,,,0,0,0,0,0,0,0,0,0,0
,,,,,,0,0,0,0,0,0,0,0,0,0
,,,,,,0,0,0,0,0,0,0,0,0,0
,,,,,,0,0,0,0,0,0,0,0,0,0
,,,,,,0,0,0,0,0,0,0,0,0,0
,,,,,,0,0,0,0,0,0,0,0,0,0
,,,,,,0,0,0,0,0,0,0,0,0,0
,,,,,,0,0,0,0,0,0,0,0,0,0
,,,,,,0,0,0,0,0,0,0,0,0,0
,,,,,,0,0,0,0,0,0,0,0,0,0
,,,,,,0,0,0,0,0,0,0,0,0,0
,,,,,,0,0,0,0,0,0,0,0,0,0
,,,,,,0,0,0,0,0,0,0,0,0,0
,,,,,,0,0,0,0,0,0,0,0,0,0
,,,,,,0,0,0,0,0,0,0,0,0,0
,,,,,,0,0,0,0,0,0,0,0,0,0
,,,,,,0,0,0,0,0,0,0,0,0,0
,,,,,,0,0,0,0,0,0,0,0,0,0
,,,,,,0,0,0,0,0,0,0,0,0,0
,,,,,,0,0,0,0,0,0,0,0,0,0
,,,,,,0,0,0,0,0,0,0,0,0,0
,,,,,,0,0,0,0,0,0,0,0,0,0
,,,,,,0,0,0,0,0,0,0,0,0,0
,,,,,,0,0,0,0,0,0,0,0,0,0
,,,,,,0,0,0,0,0,0,0,0,0,0
,,,,,,0,0,0,0,0,0,0,0,0,0
,,,,,,0,0,0,0,0,0,0,0,0,0
,,,,,,0,0,0,0,0,0,0,0,0,0
,,,,,,0,0,0,0,0,0,0,0,0,0
,,,,,,0,0,0,0,0,0,0,0,0,0
,,,,,,0,0,0,0,0,0,0,0,0,0
,,,,,,0,0,0,0,0,0,0,0,0,0
,,,,,,0,0,0,0,0,0,0,0,0,0
,,,,,,0,0,0,0,0,0,0,0,0,0
,,,,,,0,0,0,0,0,0,0,0,0,0
,,,,,,0,0,0,0,0,0,0,0,0,0
,,,,,,0,0,0,0,0,0,0,0,0,0
,,,,,,0,0,0,0,0,0,0,0,0,0
,,,,,,0,0,0,0,0,0,0,0,0,0
,,,,,,0,0,0,0,0,0,0,0,0,0
,,,,,,0,0,0,0,0,0,0,0,0,0
,,,,,,0,0,0,0,0,0,0,0,0,0
,,,,,,0,0,0,0,0,0,0,0,0,0
,,,,,,0,0,0,0,0,0,0,0,0,0
,,,,,,0,0,0,0,0,0,0,0,0,0
,,,,,,0,0,0,0,0,0,0,0,0,0
,,,,,,0,0,0,0,0,0,0,0,0,0
,,,,,,0,0,0,0,0,0,0,0,0,0
,,,,,,0,0,0,0,0,0,0,0,0,0
,,,,,,0,0,0,0,0,0,0,0,0,0
,,,,,,0,0,0,0,0,0,0,0,0,0
,,,,,,0,0,0,0,0,0,0,0,0,0
,,,,,,0,0,0,0,0,0,0,0,0,0
,,,,,,0,0,0,0,0,0,0,0,0,0
,,,,,,0,0,0,0,0,0,0,0,0,0
,,,,,,0,0,0,0,0,0,0,0,0,0
,,,,,,0,0,0,0,0,0,0,0,0,0
,,,,,,0,0,0,0,0,0,0,0,0,0
,,,,,,0,0,0,0,0,0,0,0,0,0
,,,,,,0,0,0,0,0,0,0,0,0,0
,,,,,,0,0,0,0,0,0,0,0,0,0
,,,,,,0,0,0,0,0,0,0,0,0,0
,,,,,,0,0,0,0,0,0,0,0,0,0
,,,,,,0,0,0,0,0,0,0,0,0,0
,,,,,,0,0,0,0,0,0,0,0,0,0
,,,,,,0,0,0,0,0,0,0,0,0,0
,,,,,,0,0,0,0,0,0,0,0,0,0
,,,,,,0,0,0,0,0,0,0,0,0,0
,,,,,,0,0,0,0,0,0,0,0,0,0
,,,,,,0,0,0,0,0,0,0,0,0,0
,,,,,,0,0,0,0,0,0,0,0,0,0
,,,,,,0,0,0,0,0,0,0,0,0,0
,,,,,,0,0,0,0,0,0,0,0,0,0
,,,,,,0,0,0,0,0,0,0,0,0,0
,,,,,,0,0,0,0,0,0,0,0,0,0
,,,,,,0,0,0,0,0,0,0,0,0,0
,,,,,,0,0,0,0,0,0,0,0,0,0
,,,,,,0,0,0,0,0,0,0,0,0,0
,,,,,,0,0,0,0,0,0,0,0,0,0
,,,,,,0,0,0,0,0,0,0,0,0,0
,,,,,,0,0,0,0,0,0,0,0,0,0
,,,,,,0,0,0,0,0,0,0,0,0,0
,,,,,,0,0,0,0,0,0,0,0,0,0
,,,,,,0,0,0,0,0,0,0,0,0,0
,,,,,,0,0,0,0,0,0,0,0,0,0
,,,,,,0,0,0,0,0,0,0,0,0,0
,,,,,,0,0,0,0,0,0,0,0,0,0
,,,,,,0,0,0,0,0,0,0,0,0,0
,,,,,,0,0,0,0,0,0,0,0,0,0
,,,,,,0,0,0,0,0,0,0,0,0,0
,,,,,,0,0,0,0,0,0,0,0,0,0
,,,,,,0,0,0,0,0,0,0,0,0,0
,,,,,,0,0,0,0,0,0,0,0,0,0
,,,,,,0,0,0,0,0,0,0,0,0,0
,,,,,,0,0,0,0,0,0,0,0,0,0
,,,,,,0,0,0,0,0,0,0,0,0,0
,,,,,,0,0,0,0,0,0,0,0,0,0
,,,,,,0,0,0,0,0,0,0,0,0,0
,,,,,,0,0,0,0,0,0,0,0,0,0
,,,,,,0,0,0,0,0,0,0,0,0,0
,,,,,,0,0,0,0,0,0,0,0,0,0
,,,,,,0,0,0,0,0,0,0,0,0,0
,,,,,,0,0,0,0,0,0,0,0,0,0
,,,,,,0,0,0,0,0,0,0,0,0,0
,,,,,,0,0,0,0,0,0,0,0,0,0
,,,,,,0,0,0,0,0,0,0,0,0,0
,,,,,,0,0,0,0,0,0,0,0,0,0
,,,,,,0,0,0,0,0,0,0,0,0,0
,,,,,,0,0,0,0,0,0,0,0,0,0
,,,,,,0,0,0,0,0,0,0,0,0,0
,,,,,,0,0,0,0,0,0,0,0,0,0
,,,,,,0,0,0,0,0,0,0,0,0,0
,,,,,,0,0,0,0,0,0,0,0,0,0
,,,,,,0,0,0,0,0,0,0,0,0,0
,,,,,,0,0,0,0,0,0,0,0,0,0
,,,,,,0,0,0,0,0,0,0,0,0,0
,,,,,,0,0,0,0,0,0,0,0,0,0
,,,,,,0,0,0,0,0,0,0,0,0,0
,,,,,,0,0,0,0,0,0,0,0,0,0
,,,,,,0,0,0,0,0,0,0,0,0,0
,,,,,,0,0,0,0,0,0,0,0,0,0
,,,,,,0,0,0,0,0,0,0,0,0,0
,,,,,,0,0,0,0,0,0,0,0,0,0
,,,,,,0,0,0,0,0,0,0,0,0,0
,,,,,,0,0,0,0,0,0,0,0,0,0
,,,,,,0,0,0,0,0,0,0,0,0,0
,,,,,,0,0,0,0,0,0,0,0,0,0
,,,,,,0,0,0,0,0,0,0,0,0,0
,,,,,,0,0,0,0,0,0,0,0,0,0
,,,,,,0,0,0,0,0,0,0,0,0,0
,,,,,,0,0,0,0,0,0,0,0,0,0
,,,,,,0,0,0,0,0,0,0,0,0,0
,,,,,,0,0,0,0,0,0,0,0,0,0
,,,,,,0,0,0,0,0,0,0,0,0,0
,,,,,,0,0,0,0,0,0,0,0,0,0
,,,,,,0,0,0,0,0,0,0,0,0,0
,,,,,,0,0,0,0,0,0,0,0,0,0
,,,,,,0,0,0,0,0,0,0,0,0,0
,,,,,,0,0,0,0,0,0,0,0,0,0
,,,,,,0,0,0,0,0,0,0,0,0,0
,,,,,,0,0,0,0,0,0,0,0,0,0
,,,,,,0,0,0,0,0,0,0,0,0,0
,,,,,,0,0,0,0,0,0,0,0,0,0
,,,,,,0,0,0,0,0,0,0,0,0,0
,,,,,,0,0,0,0,0,0,0,0,0,0
,,,,,,0,0,0,0,0,0,0,0,0,0
,,,,,,0,0,0,0,0,0,0,0,0,0
,,,,,,0,0,0,0,0,0,0,0,0,0
,,,,,,0,0,0,0,0,0,0,0,0,0
,,,,,,0,0,0,0,0,0,0,0,0,0
,,,,,,0,0,0,0,0,0,0,0,0,0
,,,,,,0,0,0,0,0,0,0,0,0,0
,,,,,,0,0,0,0,0,0,0,0,0,0
,,,,,,0,0,0,0,0,0,0,0,0,0
,,,,,,0,0,0,0,0,0,0,0,0,0
,,,,,,0,0,0,0,0,0,0,0,0,0
,,,,,,0,0,0,0,0,0,0,0,0,0
,,,,,,0,0,0,0,0,0,0,0,0,0
,,,,,,0,0,0,0,0,0,0,0,0,0
,,,,,,0,0,0,0,0,0,0,0,0,0
,,,,,,0,0,0,0,0,0,0,0,0,0
,,,,,,0,0,0,0,0,0,0,0,0,0
,,,,,,0,0,0,0,0,0,0,0,0,0
,,,,,,0,0,0,0,0,0,0,0,0,0
,,,,,,0,0,0,0,0,0,0,0,0,0
,,,,,,0,0,0,0,0,0,0,0,0,0
,,,,,,0,0,0,0,0,0,0,0,0,0
,,,,,,0,0,0,0,0,0,0,0,0,0
,,,,,,0,0,0,0,0,0,0,0,0,0
,,,,,,0,0,0,0,0,0,0,0,0,0
,,,,,,0,0,0,0,0,0,0,0,0,0
,,,,,,0,0,0,0,0,0,0,0,0,0
,,,,,,0,0,0,0,0,0,0,0,0,0
,,,,,,0,0,0,0,0,0,0,0,0,0
,,,,,,0,0,0,0,0,0,0,0,0,0
,,,,,,0,0,0,0,0,0,0,0,0,0
,,,,,,0,0,0,0,0,0,0,0,0,0
,,,,,,0,0,0,0,0,0,0,0,0,0
,,,,,,0,0,0,0,0,0,0,0,0,0
,,,,,,0,0,0,0,0,0,0,0,0,0
,,,,,,0,0,0,0,0,0,0,0,0,0
,,,,,,0,0,0,0,0,0,0,0,0,0
,,,,,,0,0,0,0,0,0,0,0,0,0
,,,,,,0,0,0,0,0,0,0,0,0,0
,,,,,,0,0,0,0,0,0,0,0,0,0
,,,,,,0,0,0,0,0,0,0,0,0,0
,,,,,,0,0,0,0,0,0,0,0,0,0
,,,,,,0,0,0,0,0,0,0,0,0,0
,,,,,,0,0,0,0,0,0,0,0,0,0
,,,,,,0,0,0,0,0,0,0,0,0,0
,,,,,,0,0,0,0,0,0,0,0,0,0
,,,,,,0,0,0,0,0,0,0,0,0,0
,,,,,,0,0,0,0,0,0,0,0,0,0
,,,,,,0,0,0,0,0,0,0,0,0,0
,,,,,,0,0,0,0,0,0,0,0,0,0
,,,,,,0,0,0,0,0,0,0,0,0,0
,,,,,,0,0,0,0,0,0,0,0,0,0
,,,,,,0,0,0,0,0,0,0,0,0,0
,,,,,,0,0,0,0,0,0,0,0,0,0
,,,,,,0,0,0,0,0,0,0,0,0,0
,,,,,,0,0,0,0,0,0,0,0,0,0
,,,,,,0,0,0,0,0,0,0,0,0,0
,,,,,,0,0,0,0,0,0,0,0,0,0
,,,,,,0,0,0,0,0,0,0,0,0,0
,,,,,,0,0,0,0,0,0,0,0,0,0
,,,,,,0,0,0,0,0,0,0,0,0,0
,,,,,,0,0,0,0,0,0,0,0,0,0
,,,,,,0,0,0,0,0,0,0,0,0,0
,,,,,,0,0,0,0,0,0,0,0,0,0
,,,,,,0,0,0,0,0,0,0,0,0,0
,,,,,,0,0,0,0,0,0,0,0,0,0
,,,,,,0,0,0,0,0,0,0,0,0,0
,,,,,,0,0,0,0,0,0,0,0,0,0
,,,,,,0,0,0,0,0,0,0,0,0,0
,,,,,,0,0,0,0,0,0,0,0,0,0
,,,,,,0,0,0,0,0,0,0,0,0,0
,,,,,,0,0,0,0,0,0,0,0,0,0
,,,,,,0,0,0,0,0,0,0,0,0,0
,,,,,,0,0,0,0,0,0,0,0,0,0
,,,,,,0,0,0,0,0,0,0,0,0,0
,,,,,,0,0,0,0,0,0,0,0,0,0
,,,,,,0,0,0,0,0,0,0,0,0,0
,,,,,,0,0,0,0,0,0,0,0,0,0
,,,,,,0,0,0,0,0,0,0,0,0,0
,,,,,,0,0,0,0,0,0,0,0,0,0
,,,,,,0,0,0,0,0,0,0,0,0,0
,,,,,,0,0,0,0,0,0,0,0,0,0
,,,,,,0,0,0,0,0,0,0,0,0,0
,,,,,,0,0,0,0,0,0,0,0,0,0
,,,,,,0,0,0,0,0,0,0,0,0,0
,,,,,,0,0,0,0,0,0,0,0,0,0
,,,,,,0,0,0,0,0,0,0,0,0,0
,,,,,,0,0,0,0,0,0,0,0,0,0
,,,,,,0,0,0,0,0,0,0,0,0,0
,,,,,,0,0,0,0,0,0,0,0,0,0
,,,,,,0,0,0,0,0,0,0,0,0,0
,,,,,,0,0,0,0,0,0,0,0,0,0
,,,,,,0,0,0,0,0,0,0,0,0,0
,,,,,,0,0,0,0,0,0,0,0,0,0
,,,,,,0,0,0,0,0,0,0,0,0,0
,,,,,,0,0,0,0,0,0,0,0,0,0
,,,,,,0,0,0,0,0,0,0,0,0,0
,,,,,,0,0,0,0,0,0,0,0,0,0
,,,,,,0,0,0,0,0,0,0,0,0,0
,,,,,,0,0,0,0,0,0,0,0,0,0
,,,,,,0,0,0,0,0,0,0,0,0,0
,,,,,,0,0,0,0,0,0,0,0,0,0
,,,,,,0,0,0,0,0,0,0,0,0,0
,,,,,,0,0,0,0,0,0,0,0,0,0
,,,,,,0,0,0,0,0,0,0,0,0,0
,,,,,,0,0,0,0,0,0,0,0,0,0
,,,,,,0,0,0,0,0,0,0,0,0,0
,,,,,,0,0,0,0,0,0,0,0,0,0
,,,,,,0,0,0,0,0,0,0,0,0,0
,,,,,,0,0,0,0,0,0,0,0,0,0
,,,,,,0,0,0,0,0,0,0,0,0,0
,,,,,,0,0,0,0,0,0,0,0,0,0
,,,,,,0,0,0,0,0,0,0,0,0,0
,,,,,,0,0,0,0,0,0,0,0,0,0
,,,,,,0,0,0,0,0,0,0,0,0,0
,,,,,,0,0,0,0,0,0,0,0,0,0
,,,,,,0,0,0,0,0,0,0,0,0,0
,,,,,,0,0,0,0,0,0,0,0,0,0
,,,,,,0,0,0,0,0,0,0,0,0,0
,,,,,,0,0,0,0,0,0,0,0,0,0
,,,,,,0,0,0,0,0,0,0,0,0,0
,,,,,,0,0,0,0,0,0,0,0,0,0
,,,,,,0,0,0,0,0,0,0,0,0,0
,,,,,,0,0,0,0,0,0,0,0,0,0
,,,,,,0,0,0,0,0,0,0,0,0,0
,,,,,,0,0,0,0,0,0,0,0,0,0
,,,,,,0,0,0,0,0,0,0,0,0,0
,,,,,,0,0,0,0,0,0,0,0,0,0
,,,,,,0,0,0,0,0,0,0,0,0,0
,,,,,,0,0,0,0,0,0,0,0,0,0
,,,,,,0,0,0,0,0,0,0,0,0,0
,,,,,,0,0,0,0,0,0,0,0,0,0
,,,,,,0,0,0,0,0,0,0,0,0,0
,,,,,,0,0,0,0,0,0,0,0,0,0
,,,,,,0,0,0,0,0,0,0,0,0,0
,,,,,,0,0,0,0,0,0,0,0,0,0
,,,,,,0,0,0,0,0,0,0,0,0,0
,,,,,,0,0,0,0,0,0,0,0,0,0
,,,,,,0,0,0,0,0,0,0,0,0,0
,,,,,,0,0,0,0,0,0,0,0,0,0
,,,,,,0,0,0,0,0,0,0,0,0,0
,,,,,,0,0,0,0,0,0,0,0,0,0
,,,,,,0,0,0,0,0,0,0,0,0,0
,,,,,,0,0,0,0,0,0,0,0,0,0
,,,,,,0,0,0,0,0,0,0,0,0,0
,,,,,,0,0,0,0,0,0,0,0,0,0
,,,,,,0,0,0,0,0,0,0,0,0,0
,,,,,,0,0,0,0,0,0,0,0,0,0
,,,,,,0,0,0,0,0,0,0,0,0,0
,,,,,,0,0,0,0,0,0,0,0,0,0
,,,,,,0,0,0,0,0,0,0,0,0,0
,,,,,,0,0,0,0,0,0,0,0,0,0
,,,,,,0,0,0,0,0,0,0,0,0,0
,,,,,,0,0,0,0,0,0,0,0,0,0
,,,,,,0,0,0,0,0,0,0,0,0,0
,,,,,,0,0,0,0,0,0,0,0,0,0
,,,,,,0,0,0,0,0,0,0,0,0,0
,,,,,,0,0,0,0,0,0,0,0,0,0
,,,,,,0,0,0,0,0,0,0,0,0,0
,,,,,,0,0,0,0,0,0,0,0,0,0
,,,,,,0,0,0,0,0,0,0,0,0,0
,,,,,,0,0,0,0,0,0,0,0,0,0
,,,,,,0,0,0,0,0,0,0,0,0,0
,,,,,,0,0,0,0,0,0,0,0,0,0
,,,,,,0,0,0,0,0,0,0,0,0,0
,,,,,,0,0,0,0,0,0,0,0,0,0
,,,,,,0,0,0,0,0,0,0,0,0,0
,,,,,,0,0,0,0,0,0,0,0,0,0
,,,,,,0,0,0,0,0,0,0,0,0,0
,,,,,,0,0,0,0,0,0,0,0,0,0
,,,,,,0,0,0,0,0,0,0,0,0,0
,,,,,,0,0,0,0,0,0,0,0,0,0
,,,,,,0,0,0,0,0,0,0,0,0,0
,,,,,,0,0,0,0,0,0,0,0,0,0
,,,,,,0,0,0,0,0,0,0,0,0,0
,,,,,,0,0,0,0,0,0,0,0,0,0
,,,,,,0,0,0,0,0,0,0,0,0,0
,,,,,,0,0,0,0,0,0,0,0,0,0
,,,,,,0,0,0,0,0,0,0,0,0,0
,,,,,,0,0,0,0,0,0,0,0,0,0
,,,,,,0,0,0,0,0,0,0,0,0,0
,,,,,,0,0,0,0,0,0,0,0,0,0
,,,,,,0,0,0,0,0,0,0,0,0,0
,,,,,,0,0,0,0,0,0,0,0,0,0
,,,,,,0,0,0,0,0,0,0,0,0,0
,,,,,,0,0,0,0,0,0,0,0,0,0
,,,,,,0,0,0,0,0,0,0,0,0,0
,,,,,,0,0,0,0,0,0,0,0,0,0
,,,,,,0,0,0,0,0,0,0,0,0,0
,,,,,,0,0,0,0,0,0,0,0,0,0
,,,,,,0,0,0,0,0,0,0,0,0,0
,,,,,,0,0,0,0,0,0,0,0,0,0
,,,,,,0,0,0,0,0,0,0,0,0,0
,,,,,,0,0,0,0,0,0,0,0,0,0
,,,,,,0,0,0,0,0,0,0,0,0,0
,,,,,,0,0,0,0,0,0,0,0,0,0
,,,,,,0,0,0,0,0,0,0,0,0,0
,,,,,,0,0,0,0,0,0,0,0,0,0
,,,,,,0,0,0,0,0,0,0,0,0,0
,,,,,,0,0,0,0,0,0,0,0,0,0
,,,,,,0,0,0,0,0,0,0,0,0,0
,,,,,,0,0,0,0,0,0,0,0,0,0
,,,,,,0,0,0,0,0,0,0,0,0,0
,,,,,,0,0,0,0,0,0,0,0,0,0
,,,,,,0,0,0,0,0,0,0,0,0,0
,,,,,,0,0,0,0,0,0,0,0,0,0
,,,,,,0,0,0,0,0,0,0,0,0,0
,,,,,,0,0,0,0,0,0,0,0,0,0
,,,,,,0,0,0,0,0,0,0,0,0,0
,,,,,,0,0,0,0,0,0,0,0,0,0
,,,,,,0,0,0,0,0,0,0,0,0,0
,,,,,,0,0,0,0,0,0,0,0,0,0
,,,,,,0,0,0,0,0,0,0,0,0,0
,,,,,,0,0,0,0,0,0,0,0,0,0
,,,,,,0,0,0,0,0,0,0,0,0,0
,,,,,,0,0,0,0,0,0,0,0,0,0
,,,,,,0,0,0,0,0,0,0,0,0,0
,,,,,,0,0,0,0,0,0,0,0,0,0
,,,,,,0,0,0,0,0,0,0,0,0,0
,,,,,,0,0,0,0,0,0,0,0,0,0
,,,,,,0,0,0,0,0,0,0,0,0,0
,,,,,,0,0,0,0,0,0,0,0,0,0
,,,,,,0,0,0,0,0,0,0,0,0,0
,,,,,,0,0,0,0,0,0,0,0,0,0
,,,,,,0,0,0,0,0,0,0,0,0,0
,,,,,,0,0,0,0,0,0,0,0,0,0
,,,,,,0,0,0,0,0,0,0,0,0,0
,,,,,,0,0,0,0,0,0,0,0,0,0
,,,,,,0,0,0,0,0,0,0,0,0,0
,,,,,,0,0,0,0,0,0,0,0,0,0
,,,,,,0,0,0,0,0,0,0,0,0,0
,,,,,,0,0,0,0,0,0,0,0,0,0
,,,,,,0,0,0,0,0,0,0,0,0,0
,,,,,,0,0,0,0,0,0,0,0,0,0
,,,,,,0,0,0,0,0,0,0,0,0,0
,,,,,,0,0,0,0,0,0,0,0,0,0
,,,,,,0,0,0,0,0,0,0,0,0,0
,,,,,,0,0,0,0,0,0,0,0,0,0
,,,,,,0,0,0,0,0,0,0,0,0,0
,,,,,,0,0,0,0,0,0,0,0,0,0
,,,,,,0,0,0,0,0,0,0,0,0,0
,,,,,,0,0,0,0,0,0,0,0,0,0
,,,,,,0,0,0,0,0,0,0,0,0,0
,,,,,,0,0,0,0,0,0,0,0,0,0
,,,,,,0,0,0,0,0,0,0,0,0,0
,,,,,,0,0,0,0,0,0,0,0,0,0
,,,,,,0,0,0,0,0,0,0,0,0,0
,,,,,,0,0,0,0,0,0,0,0,0,0
,,,,,,0,0,0,0,0,0,0,0,0,0
,,,,,,0,0,0,0,0,0,0,0,0,0
,,,,,,0,0,0,0,0,0,0,0,0,0
,,,,,,0,0,0,0,0,0,0,0,0,0
,,,,,,0,0,0,0,0,0,0,0,0,0
,,,,,,0,0,0,0,0,0,0,0,0,0
,,,,,,0,0,0,0,0,0,0,0,0,0
,,,,,,0,0,0,0,0,0,0,0,0,0
,,,,,,0,0,0,0,0,0,0,0,0,0
,,,,,,0,0,0,0,0,0,0,0,0,0
,,,,,,0,0,0,0,0,0,0,0,0,0
,,,,,,0,0,0,0,0,0,0,0,0,0
,,,,,,0,0,0,0,0,0,0,0,0,0
,,,,,,0,0,0,0,0,0,0,0,0,0
,,,,,,0,0,0,0,0,0,0,0,0,0
,,,,,,0,0,0,0,0,0,0,0,0,0
,,,,,,0,0,0,0,0,0,0,0,0,0
,,,,,,0,0,0,0,0,0,0,0,0,0
,,,,,,0,0,0,0,0,0,0,0,0,0
,,,,,,0,0,0,0,0,0,0,0,0,0
,,,,,,0,0,0,0,0,0,0,0,0,0
,,,,,,0,0,0,0,0,0,0,0,0,0
,,,,,,0,0,0,0,0,0,0,0,0,0
,,,,,,0,0,0,0,0,0,0,0,0,0
,,,,,,0,0,0,0,0,0,0,0,0,0
,,,,,,0,0,0,0,0,0,0,0,0,0
,,,,,,0,0,0,0,0,0,0,0,0,0
,,,,,,0,0,0,0,0,0,0,0,0,0
,,,,,,0,0,0,0,0,0,0,0,0,0
,,,,,,0,0,0,0,0,0,0,0,0,0
,,,,,,0,0,0,0,0,0,0,0,0,0
,,,,,,0,0,0,0,0,0,0,0,0,0
,,,,,,0,0,0,0,0,0,0,0,0,0
,,,,,,0,0,0,0,0,0,0,0,0,0
,,,,,,0,0,0,0,0,0,0,0,0,0
,,,,,,0,0,0,0,0,0,0,0,0,0
,,,,,,0,0,0,0,0,0,0,0,0,0
,,,,,,0,0,0,0,0,0,0,0,0,0
,,,,,,0,0,0,0,0,0,0,0,0,0
,,,,,,0,0,0,0,0,0,0,0,0,0
,,,,,,0,0,0,0,0,0,0,0,0,0
,,,,,,0,0,0,0,0,0,0,0,0,0
,,,,,,0,0,0,0,0,0,0,0,0,0
,,,,,,0,0,0,0,0,0,0,0,0,0
,,,,,,0,0,0,0,0,0,0,0,0,0
,,,,,,0,0,0,0,0,0,0,0,0,0
,,,,,,0,0,0,0,0,0,0,0,0,0
,,,,,,0,0,0,0,0,0,0,0,0,0
,,,,,,0,0,0,0,0,0,0,0,0,0
,,,,,,0,0,0,0,0,0,0,0,0,0
,,,,,,0,0,0,0,0,0,0,0,0,0
,,,,,,0,0,0,0,0,0,0,0,0,0
,,,,,,0,0,0,0,0,0,0,0,0,0
,,,,,,0,0,0,0,0,0,0,0,0,0
,,,,,,0,0,0,0,0,0,0,0,0,0
,,,,,,0,0,0,0,0,0,0,0,0,0
,,,,,,0,0,0,0,0,0,0,0,0,0
,,,,,,0,0,0,0,0,0,0,0,0,0
,,,,,,0,0,0,0,0,0,0,0,0,0
,,,,,,0,0,0,0,0,0,0,0,0,0
,,,,,,0,0,0,0,0,0,0,0,0,0
,,,,,,0,0,0,0,0,0,0,0,0,0
,,,,,,0,0,0,0,0,0,0,0,0,0
,,,,,,0,0,0,0,0,0,0,0,0,0
,,,,,,0,0,0,0,0,0,0,0,0,0
,,,,,,0,0,0,0,0,0,0,0,0,0
,,,,,,0,0,0,0,0,0,0,0,0,0
,,,,,,0,0,0,0,0,0,0,0,0,0
,,,,,,0,0,0,0,0,0,0,0,0,0
,,,,,,0,0,0,0,0,0,0,0,0,0
,,,,,,0,0,0,0,0,0,0,0,0,0
,,,,,,0,0,0,0,0,0,0,0,0,0
,,,,,,0,0,0,0,0,0,0,0,0,0
,,,,,,0,0,0,0,0,0,0,0,0,0
,,,,,,0,0,0,0,0,0,0,0,0,0
,,,,,,0,0,0,0,0,0,0,0,0,0
,,,,,,0,0,0,0,0,0,0,0,0,0
,,,,,,0,0,0,0,0,0,0,0,0,0
,,,,,,0,0,0,0,0,0,0,0,0,0
,,,,,,0,0,0,0,0,0,0,0,0,0
,,,,,,0,0,0,0,0,0,0,0,0,0
,,,,,,0,0,0,0,0,0,0,0,0,0
,,,,,,0,0,0,0,0,0,0,0,0,0
,,,,,,0,0,0,0,0,0,0,0,0,0
,,,,,,0,0,0,0,0,0,0,0,0,0
,,,,,,0,0,0,0,0,0,0,0,0,0
,,,,,,0,0,0,0,0,0,0,0,0,0
,,,,,,0,0,0,0,0,0,0,0,0,0
,,,,,,0,0,0,0,0,0,0,0,0,0
,,,,,,0,0,0,0,0,0,0,0,0,0
,,,,,,0,0,0,0,0,0,0,0,0,0
,,,,,,0,0,0,0,0,0,0,0,0,0
,,,,,,0,0,0,0,0,0,0,0,0,0
,,,,,,0,0,0,0,0,0,0,0,0,0
,,,,,,0,0,0,0,0,0,0,0,0,0
,,,,,,0,0,0,0,0,0,0,0,0,0
,,,,,,0,0,0,0,0,0,0,0,0,0
,,,,,,0,0,0,0,0,0,0,0,0,0
,,,,,,0,0,0,0,0,0,0,0,0,0
,,,,,,0,0,0,0,0,0,0,0,0,0
,,,,,,0,0,0,0,0,0,0,0,0,0
,,,,,,0,0,0,0,0,0,0,0,0,0
,,,,,,0,0,0,0,0,0,0,0,0,0
,,,,,,0,0,0,0,0,0,0,0,0,0
,,,,,,0,0,0,0,0,0,0,0,0,0
,,,,,,0,0,0,0,0,0,0,0,0,0
,,,,,,0,0,0,0,0,0,0,0,0,0
,,,,,,0,0,0,0,0,0,0,0,0,0
,,,,,,0,0,0,0,0,0,0,0,0,0